DateKey,Date,Year,Quarter,Month,MonthName,WeekOfYear,DayOfWeek,DayName,FiscalYear,FiscalQuarter,IsWeekend
20220101,2022-01-01,2022,Q1,1,January,52,Saturday,Sat,FY2022,FQ3,Yes
20220102,2022-01-02,2022,Q1,1,January,52,Sunday,Sun,FY2022,FQ3,Yes
20220103,2022-01-03,2022,Q1,1,January,1,Monday,Mon,FY2022,FQ3,No
20220104,2022-01-04,2022,Q1,1,January,1,Tuesday,Tue,FY2022,FQ3,No
20220105,2022-01-05,2022,Q1,1,January,1,Wednesday,Wed,FY2022,FQ3,No
20220106,2022-01-06,2022,Q1,1,January,1,Thursday,Thu,FY2022,FQ3,No
20220107,2022-01-07,2022,Q1,1,January,1,Friday,Fri,FY2022,FQ3,No
20220108,2022-01-08,2022,Q1,1,January,1,Saturday,Sat,FY2022,FQ3,Yes
20220109,2022-01-09,2022,Q1,1,January,1,Sunday,Sun,FY2022,FQ3,Yes
20220110,2022-01-10,2022,Q1,1,January,2,Monday,Mon,FY2022,FQ3,No
20220111,2022-01-11,2022,Q1,1,January,2,Tuesday,Tue,FY2022,FQ3,No
20220112,2022-01-12,2022,Q1,1,January,2,Wednesday,Wed,FY2022,FQ3,No
20220113,2022-01-13,2022,Q1,1,January,2,Thursday,Thu,FY2022,FQ3,No
20220114,2022-01-14,2022,Q1,1,January,2,Friday,Fri,FY2022,FQ3,No
20220115,2022-01-15,2022,Q1,1,January,2,Saturday,Sat,FY2022,FQ3,Yes
20220116,2022-01-16,2022,Q1,1,January,2,Sunday,Sun,FY2022,FQ3,Yes
20220117,2022-01-17,2022,Q1,1,January,3,Monday,Mon,FY2022,FQ3,No
20220118,2022-01-18,2022,Q1,1,January,3,Tuesday,Tue,FY2022,FQ3,No
20220119,2022-01-19,2022,Q1,1,January,3,Wednesday,Wed,FY2022,FQ3,No
20220120,2022-01-20,2022,Q1,1,January,3,Thursday,Thu,FY2022,FQ3,No
20220121,2022-01-21,2022,Q1,1,January,3,Friday,Fri,FY2022,FQ3,No
20220122,2022-01-22,2022,Q1,1,January,3,Saturday,Sat,FY2022,FQ3,Yes
20220123,2022-01-23,2022,Q1,1,January,3,Sunday,Sun,FY2022,FQ3,Yes
20220124,2022-01-24,2022,Q1,1,January,4,Monday,Mon,FY2022,FQ3,No
20220125,2022-01-25,2022,Q1,1,January,4,Tuesday,Tue,FY2022,FQ3,No
20220126,2022-01-26,2022,Q1,1,January,4,Wednesday,Wed,FY2022,FQ3,No
20220127,2022-01-27,2022,Q1,1,January,4,Thursday,Thu,FY2022,FQ3,No
20220128,2022-01-28,2022,Q1,1,January,4,Friday,Fri,FY2022,FQ3,No
20220129,2022-01-29,2022,Q1,1,January,4,Saturday,Sat,FY2022,FQ3,Yes
20220130,2022-01-30,2022,Q1,1,January,4,Sunday,Sun,FY2022,FQ3,Yes
20220131,2022-01-31,2022,Q1,1,January,5,Monday,Mon,FY2022,FQ3,No
20220201,2022-02-01,2022,Q1,2,February,5,Tuesday,Tue,FY2022,FQ3,No
20220202,2022-02-02,2022,Q1,2,February,5,Wednesday,Wed,FY2022,FQ3,No
20220203,2022-02-03,2022,Q1,2,February,5,Thursday,Thu,FY2022,FQ3,No
20220204,2022-02-04,2022,Q1,2,February,5,Friday,Fri,FY2022,FQ3,No
20220205,2022-02-05,2022,Q1,2,February,5,Saturday,Sat,FY2022,FQ3,Yes
20220206,2022-02-06,2022,Q1,2,February,5,Sunday,Sun,FY2022,FQ3,Yes
20220207,2022-02-07,2022,Q1,2,February,6,Monday,Mon,FY2022,FQ3,No
20220208,2022-02-08,2022,Q1,2,February,6,Tuesday,Tue,FY2022,FQ3,No
20220209,2022-02-09,2022,Q1,2,February,6,Wednesday,Wed,FY2022,FQ3,No
20220210,2022-02-10,2022,Q1,2,February,6,Thursday,Thu,FY2022,FQ3,No
20220211,2022-02-11,2022,Q1,2,February,6,Friday,Fri,FY2022,FQ3,No
20220212,2022-02-12,2022,Q1,2,February,6,Saturday,Sat,FY2022,FQ3,Yes
20220213,2022-02-13,2022,Q1,2,February,6,Sunday,Sun,FY2022,FQ3,Yes
20220214,2022-02-14,2022,Q1,2,February,7,Monday,Mon,FY2022,FQ3,No
20220215,2022-02-15,2022,Q1,2,February,7,Tuesday,Tue,FY2022,FQ3,No
20220216,2022-02-16,2022,Q1,2,February,7,Wednesday,Wed,FY2022,FQ3,No
20220217,2022-02-17,2022,Q1,2,February,7,Thursday,Thu,FY2022,FQ3,No
20220218,2022-02-18,2022,Q1,2,February,7,Friday,Fri,FY2022,FQ3,No
20220219,2022-02-19,2022,Q1,2,February,7,Saturday,Sat,FY2022,FQ3,Yes
20220220,2022-02-20,2022,Q1,2,February,7,Sunday,Sun,FY2022,FQ3,Yes
20220221,2022-02-21,2022,Q1,2,February,8,Monday,Mon,FY2022,FQ3,No
20220222,2022-02-22,2022,Q1,2,February,8,Tuesday,Tue,FY2022,FQ3,No
20220223,2022-02-23,2022,Q1,2,February,8,Wednesday,Wed,FY2022,FQ3,No
20220224,2022-02-24,2022,Q1,2,February,8,Thursday,Thu,FY2022,FQ3,No
20220225,2022-02-25,2022,Q1,2,February,8,Friday,Fri,FY2022,FQ3,No
20220226,2022-02-26,2022,Q1,2,February,8,Saturday,Sat,FY2022,FQ3,Yes
20220227,2022-02-27,2022,Q1,2,February,8,Sunday,Sun,FY2022,FQ3,Yes
20220228,2022-02-28,2022,Q1,2,February,9,Monday,Mon,FY2022,FQ3,No
20220301,2022-03-01,2022,Q1,3,March,9,Tuesday,Tue,FY2022,FQ3,No
20220302,2022-03-02,2022,Q1,3,March,9,Wednesday,Wed,FY2022,FQ3,No
20220303,2022-03-03,2022,Q1,3,March,9,Thursday,Thu,FY2022,FQ3,No
20220304,2022-03-04,2022,Q1,3,March,9,Friday,Fri,FY2022,FQ3,No
20220305,2022-03-05,2022,Q1,3,March,9,Saturday,Sat,FY2022,FQ3,Yes
20220306,2022-03-06,2022,Q1,3,March,9,Sunday,Sun,FY2022,FQ3,Yes
20220307,2022-03-07,2022,Q1,3,March,10,Monday,Mon,FY2022,FQ3,No
20220308,2022-03-08,2022,Q1,3,March,10,Tuesday,Tue,FY2022,FQ3,No
20220309,2022-03-09,2022,Q1,3,March,10,Wednesday,Wed,FY2022,FQ3,No
20220310,2022-03-10,2022,Q1,3,March,10,Thursday,Thu,FY2022,FQ3,No
20220311,2022-03-11,2022,Q1,3,March,10,Friday,Fri,FY2022,FQ3,No
20220312,2022-03-12,2022,Q1,3,March,10,Saturday,Sat,FY2022,FQ3,Yes
20220313,2022-03-13,2022,Q1,3,March,10,Sunday,Sun,FY2022,FQ3,Yes
20220314,2022-03-14,2022,Q1,3,March,11,Monday,Mon,FY2022,FQ3,No
20220315,2022-03-15,2022,Q1,3,March,11,Tuesday,Tue,FY2022,FQ3,No
20220316,2022-03-16,2022,Q1,3,March,11,Wednesday,Wed,FY2022,FQ3,No
20220317,2022-03-17,2022,Q1,3,March,11,Thursday,Thu,FY2022,FQ3,No
20220318,2022-03-18,2022,Q1,3,March,11,Friday,Fri,FY2022,FQ3,No
20220319,2022-03-19,2022,Q1,3,March,11,Saturday,Sat,FY2022,FQ3,Yes
20220320,2022-03-20,2022,Q1,3,March,11,Sunday,Sun,FY2022,FQ3,Yes
20220321,2022-03-21,2022,Q1,3,March,12,Monday,Mon,FY2022,FQ3,No
20220322,2022-03-22,2022,Q1,3,March,12,Tuesday,Tue,FY2022,FQ3,No
20220323,2022-03-23,2022,Q1,3,March,12,Wednesday,Wed,FY2022,FQ3,No
20220324,2022-03-24,2022,Q1,3,March,12,Thursday,Thu,FY2022,FQ3,No
20220325,2022-03-25,2022,Q1,3,March,12,Friday,Fri,FY2022,FQ3,No
20220326,2022-03-26,2022,Q1,3,March,12,Saturday,Sat,FY2022,FQ3,Yes
20220327,2022-03-27,2022,Q1,3,March,12,Sunday,Sun,FY2022,FQ3,Yes
20220328,2022-03-28,2022,Q1,3,March,13,Monday,Mon,FY2022,FQ3,No
20220329,2022-03-29,2022,Q1,3,March,13,Tuesday,Tue,FY2022,FQ3,No
20220330,2022-03-30,2022,Q1,3,March,13,Wednesday,Wed,FY2022,FQ3,No
20220331,2022-03-31,2022,Q1,3,March,13,Thursday,Thu,FY2022,FQ3,No
20220401,2022-04-01,2022,Q2,4,April,13,Friday,Fri,FY2022,FQ4,No
20220402,2022-04-02,2022,Q2,4,April,13,Saturday,Sat,FY2022,FQ4,Yes
20220403,2022-04-03,2022,Q2,4,April,13,Sunday,Sun,FY2022,FQ4,Yes
20220404,2022-04-04,2022,Q2,4,April,14,Monday,Mon,FY2022,FQ4,No
20220405,2022-04-05,2022,Q2,4,April,14,Tuesday,Tue,FY2022,FQ4,No
20220406,2022-04-06,2022,Q2,4,April,14,Wednesday,Wed,FY2022,FQ4,No
20220407,2022-04-07,2022,Q2,4,April,14,Thursday,Thu,FY2022,FQ4,No
20220408,2022-04-08,2022,Q2,4,April,14,Friday,Fri,FY2022,FQ4,No
20220409,2022-04-09,2022,Q2,4,April,14,Saturday,Sat,FY2022,FQ4,Yes
20220410,2022-04-10,2022,Q2,4,April,14,Sunday,Sun,FY2022,FQ4,Yes
20220411,2022-04-11,2022,Q2,4,April,15,Monday,Mon,FY2022,FQ4,No
20220412,2022-04-12,2022,Q2,4,April,15,Tuesday,Tue,FY2022,FQ4,No
20220413,2022-04-13,2022,Q2,4,April,15,Wednesday,Wed,FY2022,FQ4,No
20220414,2022-04-14,2022,Q2,4,April,15,Thursday,Thu,FY2022,FQ4,No
20220415,2022-04-15,2022,Q2,4,April,15,Friday,Fri,FY2022,FQ4,No
20220416,2022-04-16,2022,Q2,4,April,15,Saturday,Sat,FY2022,FQ4,Yes
20220417,2022-04-17,2022,Q2,4,April,15,Sunday,Sun,FY2022,FQ4,Yes
20220418,2022-04-18,2022,Q2,4,April,16,Monday,Mon,FY2022,FQ4,No
20220419,2022-04-19,2022,Q2,4,April,16,Tuesday,Tue,FY2022,FQ4,No
20220420,2022-04-20,2022,Q2,4,April,16,Wednesday,Wed,FY2022,FQ4,No
20220421,2022-04-21,2022,Q2,4,April,16,Thursday,Thu,FY2022,FQ4,No
20220422,2022-04-22,2022,Q2,4,April,16,Friday,Fri,FY2022,FQ4,No
20220423,2022-04-23,2022,Q2,4,April,16,Saturday,Sat,FY2022,FQ4,Yes
20220424,2022-04-24,2022,Q2,4,April,16,Sunday,Sun,FY2022,FQ4,Yes
20220425,2022-04-25,2022,Q2,4,April,17,Monday,Mon,FY2022,FQ4,No
20220426,2022-04-26,2022,Q2,4,April,17,Tuesday,Tue,FY2022,FQ4,No
20220427,2022-04-27,2022,Q2,4,April,17,Wednesday,Wed,FY2022,FQ4,No
20220428,2022-04-28,2022,Q2,4,April,17,Thursday,Thu,FY2022,FQ4,No
20220429,2022-04-29,2022,Q2,4,April,17,Friday,Fri,FY2022,FQ4,No
20220430,2022-04-30,2022,Q2,4,April,17,Saturday,Sat,FY2022,FQ4,Yes
20220501,2022-05-01,2022,Q2,5,May,17,Sunday,Sun,FY2022,FQ4,Yes
20220502,2022-05-02,2022,Q2,5,May,18,Monday,Mon,FY2022,FQ4,No
20220503,2022-05-03,2022,Q2,5,May,18,Tuesday,Tue,FY2022,FQ4,No
20220504,2022-05-04,2022,Q2,5,May,18,Wednesday,Wed,FY2022,FQ4,No
20220505,2022-05-05,2022,Q2,5,May,18,Thursday,Thu,FY2022,FQ4,No
20220506,2022-05-06,2022,Q2,5,May,18,Friday,Fri,FY2022,FQ4,No
20220507,2022-05-07,2022,Q2,5,May,18,Saturday,Sat,FY2022,FQ4,Yes
20220508,2022-05-08,2022,Q2,5,May,18,Sunday,Sun,FY2022,FQ4,Yes
20220509,2022-05-09,2022,Q2,5,May,19,Monday,Mon,FY2022,FQ4,No
20220510,2022-05-10,2022,Q2,5,May,19,Tuesday,Tue,FY2022,FQ4,No
20220511,2022-05-11,2022,Q2,5,May,19,Wednesday,Wed,FY2022,FQ4,No
20220512,2022-05-12,2022,Q2,5,May,19,Thursday,Thu,FY2022,FQ4,No
20220513,2022-05-13,2022,Q2,5,May,19,Friday,Fri,FY2022,FQ4,No
20220514,2022-05-14,2022,Q2,5,May,19,Saturday,Sat,FY2022,FQ4,Yes
20220515,2022-05-15,2022,Q2,5,May,19,Sunday,Sun,FY2022,FQ4,Yes
20220516,2022-05-16,2022,Q2,5,May,20,Monday,Mon,FY2022,FQ4,No
20220517,2022-05-17,2022,Q2,5,May,20,Tuesday,Tue,FY2022,FQ4,No
20220518,2022-05-18,2022,Q2,5,May,20,Wednesday,Wed,FY2022,FQ4,No
20220519,2022-05-19,2022,Q2,5,May,20,Thursday,Thu,FY2022,FQ4,No
20220520,2022-05-20,2022,Q2,5,May,20,Friday,Fri,FY2022,FQ4,No
20220521,2022-05-21,2022,Q2,5,May,20,Saturday,Sat,FY2022,FQ4,Yes
20220522,2022-05-22,2022,Q2,5,May,20,Sunday,Sun,FY2022,FQ4,Yes
20220523,2022-05-23,2022,Q2,5,May,21,Monday,Mon,FY2022,FQ4,No
20220524,2022-05-24,2022,Q2,5,May,21,Tuesday,Tue,FY2022,FQ4,No
20220525,2022-05-25,2022,Q2,5,May,21,Wednesday,Wed,FY2022,FQ4,No
20220526,2022-05-26,2022,Q2,5,May,21,Thursday,Thu,FY2022,FQ4,No
20220527,2022-05-27,2022,Q2,5,May,21,Friday,Fri,FY2022,FQ4,No
20220528,2022-05-28,2022,Q2,5,May,21,Saturday,Sat,FY2022,FQ4,Yes
20220529,2022-05-29,2022,Q2,5,May,21,Sunday,Sun,FY2022,FQ4,Yes
20220530,2022-05-30,2022,Q2,5,May,22,Monday,Mon,FY2022,FQ4,No
20220531,2022-05-31,2022,Q2,5,May,22,Tuesday,Tue,FY2022,FQ4,No
20220601,2022-06-01,2022,Q2,6,June,22,Wednesday,Wed,FY2022,FQ4,No
20220602,2022-06-02,2022,Q2,6,June,22,Thursday,Thu,FY2022,FQ4,No
20220603,2022-06-03,2022,Q2,6,June,22,Friday,Fri,FY2022,FQ4,No
20220604,2022-06-04,2022,Q2,6,June,22,Saturday,Sat,FY2022,FQ4,Yes
20220605,2022-06-05,2022,Q2,6,June,22,Sunday,Sun,FY2022,FQ4,Yes
20220606,2022-06-06,2022,Q2,6,June,23,Monday,Mon,FY2022,FQ4,No
20220607,2022-06-07,2022,Q2,6,June,23,Tuesday,Tue,FY2022,FQ4,No
20220608,2022-06-08,2022,Q2,6,June,23,Wednesday,Wed,FY2022,FQ4,No
20220609,2022-06-09,2022,Q2,6,June,23,Thursday,Thu,FY2022,FQ4,No
20220610,2022-06-10,2022,Q2,6,June,23,Friday,Fri,FY2022,FQ4,No
20220611,2022-06-11,2022,Q2,6,June,23,Saturday,Sat,FY2022,FQ4,Yes
20220612,2022-06-12,2022,Q2,6,June,23,Sunday,Sun,FY2022,FQ4,Yes
20220613,2022-06-13,2022,Q2,6,June,24,Monday,Mon,FY2022,FQ4,No
20220614,2022-06-14,2022,Q2,6,June,24,Tuesday,Tue,FY2022,FQ4,No
20220615,2022-06-15,2022,Q2,6,June,24,Wednesday,Wed,FY2022,FQ4,No
20220616,2022-06-16,2022,Q2,6,June,24,Thursday,Thu,FY2022,FQ4,No
20220617,2022-06-17,2022,Q2,6,June,24,Friday,Fri,FY2022,FQ4,No
20220618,2022-06-18,2022,Q2,6,June,24,Saturday,Sat,FY2022,FQ4,Yes
20220619,2022-06-19,2022,Q2,6,June,24,Sunday,Sun,FY2022,FQ4,Yes
20220620,2022-06-20,2022,Q2,6,June,25,Monday,Mon,FY2022,FQ4,No
20220621,2022-06-21,2022,Q2,6,June,25,Tuesday,Tue,FY2022,FQ4,No
20220622,2022-06-22,2022,Q2,6,June,25,Wednesday,Wed,FY2022,FQ4,No
20220623,2022-06-23,2022,Q2,6,June,25,Thursday,Thu,FY2022,FQ4,No
20220624,2022-06-24,2022,Q2,6,June,25,Friday,Fri,FY2022,FQ4,No
20220625,2022-06-25,2022,Q2,6,June,25,Saturday,Sat,FY2022,FQ4,Yes
20220626,2022-06-26,2022,Q2,6,June,25,Sunday,Sun,FY2022,FQ4,Yes
20220627,2022-06-27,2022,Q2,6,June,26,Monday,Mon,FY2022,FQ4,No
20220628,2022-06-28,2022,Q2,6,June,26,Tuesday,Tue,FY2022,FQ4,No
20220629,2022-06-29,2022,Q2,6,June,26,Wednesday,Wed,FY2022,FQ4,No
20220630,2022-06-30,2022,Q2,6,June,26,Thursday,Thu,FY2022,FQ4,No
20220701,2022-07-01,2022,Q3,7,July,26,Friday,Fri,FY2022,FQ1,No
20220702,2022-07-02,2022,Q3,7,July,26,Saturday,Sat,FY2022,FQ1,Yes
20220703,2022-07-03,2022,Q3,7,July,26,Sunday,Sun,FY2022,FQ1,Yes
20220704,2022-07-04,2022,Q3,7,July,27,Monday,Mon,FY2022,FQ1,No
20220705,2022-07-05,2022,Q3,7,July,27,Tuesday,Tue,FY2022,FQ1,No
20220706,2022-07-06,2022,Q3,7,July,27,Wednesday,Wed,FY2022,FQ1,No
20220707,2022-07-07,2022,Q3,7,July,27,Thursday,Thu,FY2022,FQ1,No
20220708,2022-07-08,2022,Q3,7,July,27,Friday,Fri,FY2022,FQ1,No
20220709,2022-07-09,2022,Q3,7,July,27,Saturday,Sat,FY2022,FQ1,Yes
20220710,2022-07-10,2022,Q3,7,July,27,Sunday,Sun,FY2022,FQ1,Yes
20220711,2022-07-11,2022,Q3,7,July,28,Monday,Mon,FY2022,FQ1,No
20220712,2022-07-12,2022,Q3,7,July,28,Tuesday,Tue,FY2022,FQ1,No
20220713,2022-07-13,2022,Q3,7,July,28,Wednesday,Wed,FY2022,FQ1,No
20220714,2022-07-14,2022,Q3,7,July,28,Thursday,Thu,FY2022,FQ1,No
20220715,2022-07-15,2022,Q3,7,July,28,Friday,Fri,FY2022,FQ1,No
20220716,2022-07-16,2022,Q3,7,July,28,Saturday,Sat,FY2022,FQ1,Yes
20220717,2022-07-17,2022,Q3,7,July,28,Sunday,Sun,FY2022,FQ1,Yes
20220718,2022-07-18,2022,Q3,7,July,29,Monday,Mon,FY2022,FQ1,No
20220719,2022-07-19,2022,Q3,7,July,29,Tuesday,Tue,FY2022,FQ1,No
20220720,2022-07-20,2022,Q3,7,July,29,Wednesday,Wed,FY2022,FQ1,No
20220721,2022-07-21,2022,Q3,7,July,29,Thursday,Thu,FY2022,FQ1,No
20220722,2022-07-22,2022,Q3,7,July,29,Friday,Fri,FY2022,FQ1,No
20220723,2022-07-23,2022,Q3,7,July,29,Saturday,Sat,FY2022,FQ1,Yes
20220724,2022-07-24,2022,Q3,7,July,29,Sunday,Sun,FY2022,FQ1,Yes
20220725,2022-07-25,2022,Q3,7,July,30,Monday,Mon,FY2022,FQ1,No
20220726,2022-07-26,2022,Q3,7,July,30,Tuesday,Tue,FY2022,FQ1,No
20220727,2022-07-27,2022,Q3,7,July,30,Wednesday,Wed,FY2022,FQ1,No
20220728,2022-07-28,2022,Q3,7,July,30,Thursday,Thu,FY2022,FQ1,No
20220729,2022-07-29,2022,Q3,7,July,30,Friday,Fri,FY2022,FQ1,No
20220730,2022-07-30,2022,Q3,7,July,30,Saturday,Sat,FY2022,FQ1,Yes
20220731,2022-07-31,2022,Q3,7,July,30,Sunday,Sun,FY2022,FQ1,Yes
20220801,2022-08-01,2022,Q3,8,August,31,Monday,Mon,FY2022,FQ1,No
20220802,2022-08-02,2022,Q3,8,August,31,Tuesday,Tue,FY2022,FQ1,No
20220803,2022-08-03,2022,Q3,8,August,31,Wednesday,Wed,FY2022,FQ1,No
20220804,2022-08-04,2022,Q3,8,August,31,Thursday,Thu,FY2022,FQ1,No
20220805,2022-08-05,2022,Q3,8,August,31,Friday,Fri,FY2022,FQ1,No
20220806,2022-08-06,2022,Q3,8,August,31,Saturday,Sat,FY2022,FQ1,Yes
20220807,2022-08-07,2022,Q3,8,August,31,Sunday,Sun,FY2022,FQ1,Yes
20220808,2022-08-08,2022,Q3,8,August,32,Monday,Mon,FY2022,FQ1,No
20220809,2022-08-09,2022,Q3,8,August,32,Tuesday,Tue,FY2022,FQ1,No
20220810,2022-08-10,2022,Q3,8,August,32,Wednesday,Wed,FY2022,FQ1,No
20220811,2022-08-11,2022,Q3,8,August,32,Thursday,Thu,FY2022,FQ1,No
20220812,2022-08-12,2022,Q3,8,August,32,Friday,Fri,FY2022,FQ1,No
20220813,2022-08-13,2022,Q3,8,August,32,Saturday,Sat,FY2022,FQ1,Yes
20220814,2022-08-14,2022,Q3,8,August,32,Sunday,Sun,FY2022,FQ1,Yes
20220815,2022-08-15,2022,Q3,8,August,33,Monday,Mon,FY2022,FQ1,No
20220816,2022-08-16,2022,Q3,8,August,33,Tuesday,Tue,FY2022,FQ1,No
20220817,2022-08-17,2022,Q3,8,August,33,Wednesday,Wed,FY2022,FQ1,No
20220818,2022-08-18,2022,Q3,8,August,33,Thursday,Thu,FY2022,FQ1,No
20220819,2022-08-19,2022,Q3,8,August,33,Friday,Fri,FY2022,FQ1,No
20220820,2022-08-20,2022,Q3,8,August,33,Saturday,Sat,FY2022,FQ1,Yes
20220821,2022-08-21,2022,Q3,8,August,33,Sunday,Sun,FY2022,FQ1,Yes
20220822,2022-08-22,2022,Q3,8,August,34,Monday,Mon,FY2022,FQ1,No
20220823,2022-08-23,2022,Q3,8,August,34,Tuesday,Tue,FY2022,FQ1,No
20220824,2022-08-24,2022,Q3,8,August,34,Wednesday,Wed,FY2022,FQ1,No
20220825,2022-08-25,2022,Q3,8,August,34,Thursday,Thu,FY2022,FQ1,No
20220826,2022-08-26,2022,Q3,8,August,34,Friday,Fri,FY2022,FQ1,No
20220827,2022-08-27,2022,Q3,8,August,34,Saturday,Sat,FY2022,FQ1,Yes
20220828,2022-08-28,2022,Q3,8,August,34,Sunday,Sun,FY2022,FQ1,Yes
20220829,2022-08-29,2022,Q3,8,August,35,Monday,Mon,FY2022,FQ1,No
20220830,2022-08-30,2022,Q3,8,August,35,Tuesday,Tue,FY2022,FQ1,No
20220831,2022-08-31,2022,Q3,8,August,35,Wednesday,Wed,FY2022,FQ1,No
20220901,2022-09-01,2022,Q3,9,September,35,Thursday,Thu,FY2022,FQ1,No
20220902,2022-09-02,2022,Q3,9,September,35,Friday,Fri,FY2022,FQ1,No
20220903,2022-09-03,2022,Q3,9,September,35,Saturday,Sat,FY2022,FQ1,Yes
20220904,2022-09-04,2022,Q3,9,September,35,Sunday,Sun,FY2022,FQ1,Yes
20220905,2022-09-05,2022,Q3,9,September,36,Monday,Mon,FY2022,FQ1,No
20220906,2022-09-06,2022,Q3,9,September,36,Tuesday,Tue,FY2022,FQ1,No
20220907,2022-09-07,2022,Q3,9,September,36,Wednesday,Wed,FY2022,FQ1,No
20220908,2022-09-08,2022,Q3,9,September,36,Thursday,Thu,FY2022,FQ1,No
20220909,2022-09-09,2022,Q3,9,September,36,Friday,Fri,FY2022,FQ1,No
20220910,2022-09-10,2022,Q3,9,September,36,Saturday,Sat,FY2022,FQ1,Yes
20220911,2022-09-11,2022,Q3,9,September,36,Sunday,Sun,FY2022,FQ1,Yes
20220912,2022-09-12,2022,Q3,9,September,37,Monday,Mon,FY2022,FQ1,No
20220913,2022-09-13,2022,Q3,9,September,37,Tuesday,Tue,FY2022,FQ1,No
20220914,2022-09-14,2022,Q3,9,September,37,Wednesday,Wed,FY2022,FQ1,No
20220915,2022-09-15,2022,Q3,9,September,37,Thursday,Thu,FY2022,FQ1,No
20220916,2022-09-16,2022,Q3,9,September,37,Friday,Fri,FY2022,FQ1,No
20220917,2022-09-17,2022,Q3,9,September,37,Saturday,Sat,FY2022,FQ1,Yes
20220918,2022-09-18,2022,Q3,9,September,37,Sunday,Sun,FY2022,FQ1,Yes
20220919,2022-09-19,2022,Q3,9,September,38,Monday,Mon,FY2022,FQ1,No
20220920,2022-09-20,2022,Q3,9,September,38,Tuesday,Tue,FY2022,FQ1,No
20220921,2022-09-21,2022,Q3,9,September,38,Wednesday,Wed,FY2022,FQ1,No
20220922,2022-09-22,2022,Q3,9,September,38,Thursday,Thu,FY2022,FQ1,No
20220923,2022-09-23,2022,Q3,9,September,38,Friday,Fri,FY2022,FQ1,No
20220924,2022-09-24,2022,Q3,9,September,38,Saturday,Sat,FY2022,FQ1,Yes
20220925,2022-09-25,2022,Q3,9,September,38,Sunday,Sun,FY2022,FQ1,Yes
20220926,2022-09-26,2022,Q3,9,September,39,Monday,Mon,FY2022,FQ1,No
20220927,2022-09-27,2022,Q3,9,September,39,Tuesday,Tue,FY2022,FQ1,No
20220928,2022-09-28,2022,Q3,9,September,39,Wednesday,Wed,FY2022,FQ1,No
20220929,2022-09-29,2022,Q3,9,September,39,Thursday,Thu,FY2022,FQ1,No
20220930,2022-09-30,2022,Q3,9,September,39,Friday,Fri,FY2022,FQ1,No
20221001,2022-10-01,2022,Q4,10,October,39,Saturday,Sat,FY2022,FQ2,Yes
20221002,2022-10-02,2022,Q4,10,October,39,Sunday,Sun,FY2022,FQ2,Yes
20221003,2022-10-03,2022,Q4,10,October,40,Monday,Mon,FY2022,FQ2,No
20221004,2022-10-04,2022,Q4,10,October,40,Tuesday,Tue,FY2022,FQ2,No
20221005,2022-10-05,2022,Q4,10,October,40,Wednesday,Wed,FY2022,FQ2,No
20221006,2022-10-06,2022,Q4,10,October,40,Thursday,Thu,FY2022,FQ2,No
20221007,2022-10-07,2022,Q4,10,October,40,Friday,Fri,FY2022,FQ2,No
20221008,2022-10-08,2022,Q4,10,October,40,Saturday,Sat,FY2022,FQ2,Yes
20221009,2022-10-09,2022,Q4,10,October,40,Sunday,Sun,FY2022,FQ2,Yes
20221010,2022-10-10,2022,Q4,10,October,41,Monday,Mon,FY2022,FQ2,No
20221011,2022-10-11,2022,Q4,10,October,41,Tuesday,Tue,FY2022,FQ2,No
20221012,2022-10-12,2022,Q4,10,October,41,Wednesday,Wed,FY2022,FQ2,No
20221013,2022-10-13,2022,Q4,10,October,41,Thursday,Thu,FY2022,FQ2,No
20221014,2022-10-14,2022,Q4,10,October,41,Friday,Fri,FY2022,FQ2,No
20221015,2022-10-15,2022,Q4,10,October,41,Saturday,Sat,FY2022,FQ2,Yes
20221016,2022-10-16,2022,Q4,10,October,41,Sunday,Sun,FY2022,FQ2,Yes
20221017,2022-10-17,2022,Q4,10,October,42,Monday,Mon,FY2022,FQ2,No
20221018,2022-10-18,2022,Q4,10,October,42,Tuesday,Tue,FY2022,FQ2,No
20221019,2022-10-19,2022,Q4,10,October,42,Wednesday,Wed,FY2022,FQ2,No
20221020,2022-10-20,2022,Q4,10,October,42,Thursday,Thu,FY2022,FQ2,No
20221021,2022-10-21,2022,Q4,10,October,42,Friday,Fri,FY2022,FQ2,No
20221022,2022-10-22,2022,Q4,10,October,42,Saturday,Sat,FY2022,FQ2,Yes
20221023,2022-10-23,2022,Q4,10,October,42,Sunday,Sun,FY2022,FQ2,Yes
20221024,2022-10-24,2022,Q4,10,October,43,Monday,Mon,FY2022,FQ2,No
20221025,2022-10-25,2022,Q4,10,October,43,Tuesday,Tue,FY2022,FQ2,No
20221026,2022-10-26,2022,Q4,10,October,43,Wednesday,Wed,FY2022,FQ2,No
20221027,2022-10-27,2022,Q4,10,October,43,Thursday,Thu,FY2022,FQ2,No
20221028,2022-10-28,2022,Q4,10,October,43,Friday,Fri,FY2022,FQ2,No
20221029,2022-10-29,2022,Q4,10,October,43,Saturday,Sat,FY2022,FQ2,Yes
20221030,2022-10-30,2022,Q4,10,October,43,Sunday,Sun,FY2022,FQ2,Yes
20221031,2022-10-31,2022,Q4,10,October,44,Monday,Mon,FY2022,FQ2,No
20221101,2022-11-01,2022,Q4,11,November,44,Tuesday,Tue,FY2022,FQ2,No
20221102,2022-11-02,2022,Q4,11,November,44,Wednesday,Wed,FY2022,FQ2,No
20221103,2022-11-03,2022,Q4,11,November,44,Thursday,Thu,FY2022,FQ2,No
20221104,2022-11-04,2022,Q4,11,November,44,Friday,Fri,FY2022,FQ2,No
20221105,2022-11-05,2022,Q4,11,November,44,Saturday,Sat,FY2022,FQ2,Yes
20221106,2022-11-06,2022,Q4,11,November,44,Sunday,Sun,FY2022,FQ2,Yes
20221107,2022-11-07,2022,Q4,11,November,45,Monday,Mon,FY2022,FQ2,No
20221108,2022-11-08,2022,Q4,11,November,45,Tuesday,Tue,FY2022,FQ2,No
20221109,2022-11-09,2022,Q4,11,November,45,Wednesday,Wed,FY2022,FQ2,No
20221110,2022-11-10,2022,Q4,11,November,45,Thursday,Thu,FY2022,FQ2,No
20221111,2022-11-11,2022,Q4,11,November,45,Friday,Fri,FY2022,FQ2,No
20221112,2022-11-12,2022,Q4,11,November,45,Saturday,Sat,FY2022,FQ2,Yes
20221113,2022-11-13,2022,Q4,11,November,45,Sunday,Sun,FY2022,FQ2,Yes
20221114,2022-11-14,2022,Q4,11,November,46,Monday,Mon,FY2022,FQ2,No
20221115,2022-11-15,2022,Q4,11,November,46,Tuesday,Tue,FY2022,FQ2,No
20221116,2022-11-16,2022,Q4,11,November,46,Wednesday,Wed,FY2022,FQ2,No
20221117,2022-11-17,2022,Q4,11,November,46,Thursday,Thu,FY2022,FQ2,No
20221118,2022-11-18,2022,Q4,11,November,46,Friday,Fri,FY2022,FQ2,No
20221119,2022-11-19,2022,Q4,11,November,46,Saturday,Sat,FY2022,FQ2,Yes
20221120,2022-11-20,2022,Q4,11,November,46,Sunday,Sun,FY2022,FQ2,Yes
20221121,2022-11-21,2022,Q4,11,November,47,Monday,Mon,FY2022,FQ2,No
20221122,2022-11-22,2022,Q4,11,November,47,Tuesday,Tue,FY2022,FQ2,No
20221123,2022-11-23,2022,Q4,11,November,47,Wednesday,Wed,FY2022,FQ2,No
20221124,2022-11-24,2022,Q4,11,November,47,Thursday,Thu,FY2022,FQ2,No
20221125,2022-11-25,2022,Q4,11,November,47,Friday,Fri,FY2022,FQ2,No
20221126,2022-11-26,2022,Q4,11,November,47,Saturday,Sat,FY2022,FQ2,Yes
20221127,2022-11-27,2022,Q4,11,November,47,Sunday,Sun,FY2022,FQ2,Yes
20221128,2022-11-28,2022,Q4,11,November,48,Monday,Mon,FY2022,FQ2,No
20221129,2022-11-29,2022,Q4,11,November,48,Tuesday,Tue,FY2022,FQ2,No
20221130,2022-11-30,2022,Q4,11,November,48,Wednesday,Wed,FY2022,FQ2,No
20221201,2022-12-01,2022,Q4,12,December,48,Thursday,Thu,FY2022,FQ2,No
20221202,2022-12-02,2022,Q4,12,December,48,Friday,Fri,FY2022,FQ2,No
20221203,2022-12-03,2022,Q4,12,December,48,Saturday,Sat,FY2022,FQ2,Yes
20221204,2022-12-04,2022,Q4,12,December,48,Sunday,Sun,FY2022,FQ2,Yes
20221205,2022-12-05,2022,Q4,12,December,49,Monday,Mon,FY2022,FQ2,No
20221206,2022-12-06,2022,Q4,12,December,49,Tuesday,Tue,FY2022,FQ2,No
20221207,2022-12-07,2022,Q4,12,December,49,Wednesday,Wed,FY2022,FQ2,No
20221208,2022-12-08,2022,Q4,12,December,49,Thursday,Thu,FY2022,FQ2,No
20221209,2022-12-09,2022,Q4,12,December,49,Friday,Fri,FY2022,FQ2,No
20221210,2022-12-10,2022,Q4,12,December,49,Saturday,Sat,FY2022,FQ2,Yes
20221211,2022-12-11,2022,Q4,12,December,49,Sunday,Sun,FY2022,FQ2,Yes
20221212,2022-12-12,2022,Q4,12,December,50,Monday,Mon,FY2022,FQ2,No
20221213,2022-12-13,2022,Q4,12,December,50,Tuesday,Tue,FY2022,FQ2,No
20221214,2022-12-14,2022,Q4,12,December,50,Wednesday,Wed,FY2022,FQ2,No
20221215,2022-12-15,2022,Q4,12,December,50,Thursday,Thu,FY2022,FQ2,No
20221216,2022-12-16,2022,Q4,12,December,50,Friday,Fri,FY2022,FQ2,No
20221217,2022-12-17,2022,Q4,12,December,50,Saturday,Sat,FY2022,FQ2,Yes
20221218,2022-12-18,2022,Q4,12,December,50,Sunday,Sun,FY2022,FQ2,Yes
20221219,2022-12-19,2022,Q4,12,December,51,Monday,Mon,FY2022,FQ2,No
20221220,2022-12-20,2022,Q4,12,December,51,Tuesday,Tue,FY2022,FQ2,No
20221221,2022-12-21,2022,Q4,12,December,51,Wednesday,Wed,FY2022,FQ2,No
20221222,2022-12-22,2022,Q4,12,December,51,Thursday,Thu,FY2022,FQ2,No
20221223,2022-12-23,2022,Q4,12,December,51,Friday,Fri,FY2022,FQ2,No
20221224,2022-12-24,2022,Q4,12,December,51,Saturday,Sat,FY2022,FQ2,Yes
20221225,2022-12-25,2022,Q4,12,December,51,Sunday,Sun,FY2022,FQ2,Yes
20221226,2022-12-26,2022,Q4,12,December,52,Monday,Mon,FY2022,FQ2,No
20221227,2022-12-27,2022,Q4,12,December,52,Tuesday,Tue,FY2022,FQ2,No
20221228,2022-12-28,2022,Q4,12,December,52,Wednesday,Wed,FY2022,FQ2,No
20221229,2022-12-29,2022,Q4,12,December,52,Thursday,Thu,FY2022,FQ2,No
20221230,2022-12-30,2022,Q4,12,December,52,Friday,Fri,FY2022,FQ2,No
20221231,2022-12-31,2022,Q4,12,December,52,Saturday,Sat,FY2022,FQ2,Yes
20230101,2023-01-01,2023,Q1,1,January,52,Sunday,Sun,FY2023,FQ3,Yes
20230102,2023-01-02,2023,Q1,1,January,1,Monday,Mon,FY2023,FQ3,No
20230103,2023-01-03,2023,Q1,1,January,1,Tuesday,Tue,FY2023,FQ3,No
20230104,2023-01-04,2023,Q1,1,January,1,Wednesday,Wed,FY2023,FQ3,No
20230105,2023-01-05,2023,Q1,1,January,1,Thursday,Thu,FY2023,FQ3,No
20230106,2023-01-06,2023,Q1,1,January,1,Friday,Fri,FY2023,FQ3,No
20230107,2023-01-07,2023,Q1,1,January,1,Saturday,Sat,FY2023,FQ3,Yes
20230108,2023-01-08,2023,Q1,1,January,1,Sunday,Sun,FY2023,FQ3,Yes
20230109,2023-01-09,2023,Q1,1,January,2,Monday,Mon,FY2023,FQ3,No
20230110,2023-01-10,2023,Q1,1,January,2,Tuesday,Tue,FY2023,FQ3,No
20230111,2023-01-11,2023,Q1,1,January,2,Wednesday,Wed,FY2023,FQ3,No
20230112,2023-01-12,2023,Q1,1,January,2,Thursday,Thu,FY2023,FQ3,No
20230113,2023-01-13,2023,Q1,1,January,2,Friday,Fri,FY2023,FQ3,No
20230114,2023-01-14,2023,Q1,1,January,2,Saturday,Sat,FY2023,FQ3,Yes
20230115,2023-01-15,2023,Q1,1,January,2,Sunday,Sun,FY2023,FQ3,Yes
20230116,2023-01-16,2023,Q1,1,January,3,Monday,Mon,FY2023,FQ3,No
20230117,2023-01-17,2023,Q1,1,January,3,Tuesday,Tue,FY2023,FQ3,No
20230118,2023-01-18,2023,Q1,1,January,3,Wednesday,Wed,FY2023,FQ3,No
20230119,2023-01-19,2023,Q1,1,January,3,Thursday,Thu,FY2023,FQ3,No
20230120,2023-01-20,2023,Q1,1,January,3,Friday,Fri,FY2023,FQ3,No
20230121,2023-01-21,2023,Q1,1,January,3,Saturday,Sat,FY2023,FQ3,Yes
20230122,2023-01-22,2023,Q1,1,January,3,Sunday,Sun,FY2023,FQ3,Yes
20230123,2023-01-23,2023,Q1,1,January,4,Monday,Mon,FY2023,FQ3,No
20230124,2023-01-24,2023,Q1,1,January,4,Tuesday,Tue,FY2023,FQ3,No
20230125,2023-01-25,2023,Q1,1,January,4,Wednesday,Wed,FY2023,FQ3,No
20230126,2023-01-26,2023,Q1,1,January,4,Thursday,Thu,FY2023,FQ3,No
20230127,2023-01-27,2023,Q1,1,January,4,Friday,Fri,FY2023,FQ3,No
20230128,2023-01-28,2023,Q1,1,January,4,Saturday,Sat,FY2023,FQ3,Yes
20230129,2023-01-29,2023,Q1,1,January,4,Sunday,Sun,FY2023,FQ3,Yes
20230130,2023-01-30,2023,Q1,1,January,5,Monday,Mon,FY2023,FQ3,No
20230131,2023-01-31,2023,Q1,1,January,5,Tuesday,Tue,FY2023,FQ3,No
20230201,2023-02-01,2023,Q1,2,February,5,Wednesday,Wed,FY2023,FQ3,No
20230202,2023-02-02,2023,Q1,2,February,5,Thursday,Thu,FY2023,FQ3,No
20230203,2023-02-03,2023,Q1,2,February,5,Friday,Fri,FY2023,FQ3,No
20230204,2023-02-04,2023,Q1,2,February,5,Saturday,Sat,FY2023,FQ3,Yes
20230205,2023-02-05,2023,Q1,2,February,5,Sunday,Sun,FY2023,FQ3,Yes
20230206,2023-02-06,2023,Q1,2,February,6,Monday,Mon,FY2023,FQ3,No
20230207,2023-02-07,2023,Q1,2,February,6,Tuesday,Tue,FY2023,FQ3,No
20230208,2023-02-08,2023,Q1,2,February,6,Wednesday,Wed,FY2023,FQ3,No
20230209,2023-02-09,2023,Q1,2,February,6,Thursday,Thu,FY2023,FQ3,No
20230210,2023-02-10,2023,Q1,2,February,6,Friday,Fri,FY2023,FQ3,No
20230211,2023-02-11,2023,Q1,2,February,6,Saturday,Sat,FY2023,FQ3,Yes
20230212,2023-02-12,2023,Q1,2,February,6,Sunday,Sun,FY2023,FQ3,Yes
20230213,2023-02-13,2023,Q1,2,February,7,Monday,Mon,FY2023,FQ3,No
20230214,2023-02-14,2023,Q1,2,February,7,Tuesday,Tue,FY2023,FQ3,No
20230215,2023-02-15,2023,Q1,2,February,7,Wednesday,Wed,FY2023,FQ3,No
20230216,2023-02-16,2023,Q1,2,February,7,Thursday,Thu,FY2023,FQ3,No
20230217,2023-02-17,2023,Q1,2,February,7,Friday,Fri,FY2023,FQ3,No
20230218,2023-02-18,2023,Q1,2,February,7,Saturday,Sat,FY2023,FQ3,Yes
20230219,2023-02-19,2023,Q1,2,February,7,Sunday,Sun,FY2023,FQ3,Yes
20230220,2023-02-20,2023,Q1,2,February,8,Monday,Mon,FY2023,FQ3,No
20230221,2023-02-21,2023,Q1,2,February,8,Tuesday,Tue,FY2023,FQ3,No
20230222,2023-02-22,2023,Q1,2,February,8,Wednesday,Wed,FY2023,FQ3,No
20230223,2023-02-23,2023,Q1,2,February,8,Thursday,Thu,FY2023,FQ3,No
20230224,2023-02-24,2023,Q1,2,February,8,Friday,Fri,FY2023,FQ3,No
20230225,2023-02-25,2023,Q1,2,February,8,Saturday,Sat,FY2023,FQ3,Yes
20230226,2023-02-26,2023,Q1,2,February,8,Sunday,Sun,FY2023,FQ3,Yes
20230227,2023-02-27,2023,Q1,2,February,9,Monday,Mon,FY2023,FQ3,No
20230228,2023-02-28,2023,Q1,2,February,9,Tuesday,Tue,FY2023,FQ3,No
20230301,2023-03-01,2023,Q1,3,March,9,Wednesday,Wed,FY2023,FQ3,No
20230302,2023-03-02,2023,Q1,3,March,9,Thursday,Thu,FY2023,FQ3,No
20230303,2023-03-03,2023,Q1,3,March,9,Friday,Fri,FY2023,FQ3,No
20230304,2023-03-04,2023,Q1,3,March,9,Saturday,Sat,FY2023,FQ3,Yes
20230305,2023-03-05,2023,Q1,3,March,9,Sunday,Sun,FY2023,FQ3,Yes
20230306,2023-03-06,2023,Q1,3,March,10,Monday,Mon,FY2023,FQ3,No
20230307,2023-03-07,2023,Q1,3,March,10,Tuesday,Tue,FY2023,FQ3,No
20230308,2023-03-08,2023,Q1,3,March,10,Wednesday,Wed,FY2023,FQ3,No
20230309,2023-03-09,2023,Q1,3,March,10,Thursday,Thu,FY2023,FQ3,No
20230310,2023-03-10,2023,Q1,3,March,10,Friday,Fri,FY2023,FQ3,No
20230311,2023-03-11,2023,Q1,3,March,10,Saturday,Sat,FY2023,FQ3,Yes
20230312,2023-03-12,2023,Q1,3,March,10,Sunday,Sun,FY2023,FQ3,Yes
20230313,2023-03-13,2023,Q1,3,March,11,Monday,Mon,FY2023,FQ3,No
20230314,2023-03-14,2023,Q1,3,March,11,Tuesday,Tue,FY2023,FQ3,No
20230315,2023-03-15,2023,Q1,3,March,11,Wednesday,Wed,FY2023,FQ3,No
20230316,2023-03-16,2023,Q1,3,March,11,Thursday,Thu,FY2023,FQ3,No
20230317,2023-03-17,2023,Q1,3,March,11,Friday,Fri,FY2023,FQ3,No
20230318,2023-03-18,2023,Q1,3,March,11,Saturday,Sat,FY2023,FQ3,Yes
20230319,2023-03-19,2023,Q1,3,March,11,Sunday,Sun,FY2023,FQ3,Yes
20230320,2023-03-20,2023,Q1,3,March,12,Monday,Mon,FY2023,FQ3,No
20230321,2023-03-21,2023,Q1,3,March,12,Tuesday,Tue,FY2023,FQ3,No
20230322,2023-03-22,2023,Q1,3,March,12,Wednesday,Wed,FY2023,FQ3,No
20230323,2023-03-23,2023,Q1,3,March,12,Thursday,Thu,FY2023,FQ3,No
20230324,2023-03-24,2023,Q1,3,March,12,Friday,Fri,FY2023,FQ3,No
20230325,2023-03-25,2023,Q1,3,March,12,Saturday,Sat,FY2023,FQ3,Yes
20230326,2023-03-26,2023,Q1,3,March,12,Sunday,Sun,FY2023,FQ3,Yes
20230327,2023-03-27,2023,Q1,3,March,13,Monday,Mon,FY2023,FQ3,No
20230328,2023-03-28,2023,Q1,3,March,13,Tuesday,Tue,FY2023,FQ3,No
20230329,2023-03-29,2023,Q1,3,March,13,Wednesday,Wed,FY2023,FQ3,No
20230330,2023-03-30,2023,Q1,3,March,13,Thursday,Thu,FY2023,FQ3,No
20230331,2023-03-31,2023,Q1,3,March,13,Friday,Fri,FY2023,FQ3,No
20230401,2023-04-01,2023,Q2,4,April,13,Saturday,Sat,FY2023,FQ4,Yes
20230402,2023-04-02,2023,Q2,4,April,13,Sunday,Sun,FY2023,FQ4,Yes
20230403,2023-04-03,2023,Q2,4,April,14,Monday,Mon,FY2023,FQ4,No
20230404,2023-04-04,2023,Q2,4,April,14,Tuesday,Tue,FY2023,FQ4,No
20230405,2023-04-05,2023,Q2,4,April,14,Wednesday,Wed,FY2023,FQ4,No
20230406,2023-04-06,2023,Q2,4,April,14,Thursday,Thu,FY2023,FQ4,No
20230407,2023-04-07,2023,Q2,4,April,14,Friday,Fri,FY2023,FQ4,No
20230408,2023-04-08,2023,Q2,4,April,14,Saturday,Sat,FY2023,FQ4,Yes
20230409,2023-04-09,2023,Q2,4,April,14,Sunday,Sun,FY2023,FQ4,Yes
20230410,2023-04-10,2023,Q2,4,April,15,Monday,Mon,FY2023,FQ4,No
20230411,2023-04-11,2023,Q2,4,April,15,Tuesday,Tue,FY2023,FQ4,No
20230412,2023-04-12,2023,Q2,4,April,15,Wednesday,Wed,FY2023,FQ4,No
20230413,2023-04-13,2023,Q2,4,April,15,Thursday,Thu,FY2023,FQ4,No
20230414,2023-04-14,2023,Q2,4,April,15,Friday,Fri,FY2023,FQ4,No
20230415,2023-04-15,2023,Q2,4,April,15,Saturday,Sat,FY2023,FQ4,Yes
20230416,2023-04-16,2023,Q2,4,April,15,Sunday,Sun,FY2023,FQ4,Yes
20230417,2023-04-17,2023,Q2,4,April,16,Monday,Mon,FY2023,FQ4,No
20230418,2023-04-18,2023,Q2,4,April,16,Tuesday,Tue,FY2023,FQ4,No
20230419,2023-04-19,2023,Q2,4,April,16,Wednesday,Wed,FY2023,FQ4,No
20230420,2023-04-20,2023,Q2,4,April,16,Thursday,Thu,FY2023,FQ4,No
20230421,2023-04-21,2023,Q2,4,April,16,Friday,Fri,FY2023,FQ4,No
20230422,2023-04-22,2023,Q2,4,April,16,Saturday,Sat,FY2023,FQ4,Yes
20230423,2023-04-23,2023,Q2,4,April,16,Sunday,Sun,FY2023,FQ4,Yes
20230424,2023-04-24,2023,Q2,4,April,17,Monday,Mon,FY2023,FQ4,No
20230425,2023-04-25,2023,Q2,4,April,17,Tuesday,Tue,FY2023,FQ4,No
20230426,2023-04-26,2023,Q2,4,April,17,Wednesday,Wed,FY2023,FQ4,No
20230427,2023-04-27,2023,Q2,4,April,17,Thursday,Thu,FY2023,FQ4,No
20230428,2023-04-28,2023,Q2,4,April,17,Friday,Fri,FY2023,FQ4,No
20230429,2023-04-29,2023,Q2,4,April,17,Saturday,Sat,FY2023,FQ4,Yes
20230430,2023-04-30,2023,Q2,4,April,17,Sunday,Sun,FY2023,FQ4,Yes
20230501,2023-05-01,2023,Q2,5,May,18,Monday,Mon,FY2023,FQ4,No
20230502,2023-05-02,2023,Q2,5,May,18,Tuesday,Tue,FY2023,FQ4,No
20230503,2023-05-03,2023,Q2,5,May,18,Wednesday,Wed,FY2023,FQ4,No
20230504,2023-05-04,2023,Q2,5,May,18,Thursday,Thu,FY2023,FQ4,No
20230505,2023-05-05,2023,Q2,5,May,18,Friday,Fri,FY2023,FQ4,No
20230506,2023-05-06,2023,Q2,5,May,18,Saturday,Sat,FY2023,FQ4,Yes
20230507,2023-05-07,2023,Q2,5,May,18,Sunday,Sun,FY2023,FQ4,Yes
20230508,2023-05-08,2023,Q2,5,May,19,Monday,Mon,FY2023,FQ4,No
20230509,2023-05-09,2023,Q2,5,May,19,Tuesday,Tue,FY2023,FQ4,No
20230510,2023-05-10,2023,Q2,5,May,19,Wednesday,Wed,FY2023,FQ4,No
20230511,2023-05-11,2023,Q2,5,May,19,Thursday,Thu,FY2023,FQ4,No
20230512,2023-05-12,2023,Q2,5,May,19,Friday,Fri,FY2023,FQ4,No
20230513,2023-05-13,2023,Q2,5,May,19,Saturday,Sat,FY2023,FQ4,Yes
20230514,2023-05-14,2023,Q2,5,May,19,Sunday,Sun,FY2023,FQ4,Yes
20230515,2023-05-15,2023,Q2,5,May,20,Monday,Mon,FY2023,FQ4,No
20230516,2023-05-16,2023,Q2,5,May,20,Tuesday,Tue,FY2023,FQ4,No
20230517,2023-05-17,2023,Q2,5,May,20,Wednesday,Wed,FY2023,FQ4,No
20230518,2023-05-18,2023,Q2,5,May,20,Thursday,Thu,FY2023,FQ4,No
20230519,2023-05-19,2023,Q2,5,May,20,Friday,Fri,FY2023,FQ4,No
20230520,2023-05-20,2023,Q2,5,May,20,Saturday,Sat,FY2023,FQ4,Yes
20230521,2023-05-21,2023,Q2,5,May,20,Sunday,Sun,FY2023,FQ4,Yes
20230522,2023-05-22,2023,Q2,5,May,21,Monday,Mon,FY2023,FQ4,No
20230523,2023-05-23,2023,Q2,5,May,21,Tuesday,Tue,FY2023,FQ4,No
20230524,2023-05-24,2023,Q2,5,May,21,Wednesday,Wed,FY2023,FQ4,No
20230525,2023-05-25,2023,Q2,5,May,21,Thursday,Thu,FY2023,FQ4,No
20230526,2023-05-26,2023,Q2,5,May,21,Friday,Fri,FY2023,FQ4,No
20230527,2023-05-27,2023,Q2,5,May,21,Saturday,Sat,FY2023,FQ4,Yes
20230528,2023-05-28,2023,Q2,5,May,21,Sunday,Sun,FY2023,FQ4,Yes
20230529,2023-05-29,2023,Q2,5,May,22,Monday,Mon,FY2023,FQ4,No
20230530,2023-05-30,2023,Q2,5,May,22,Tuesday,Tue,FY2023,FQ4,No
20230531,2023-05-31,2023,Q2,5,May,22,Wednesday,Wed,FY2023,FQ4,No
20230601,2023-06-01,2023,Q2,6,June,22,Thursday,Thu,FY2023,FQ4,No
20230602,2023-06-02,2023,Q2,6,June,22,Friday,Fri,FY2023,FQ4,No
20230603,2023-06-03,2023,Q2,6,June,22,Saturday,Sat,FY2023,FQ4,Yes
20230604,2023-06-04,2023,Q2,6,June,22,Sunday,Sun,FY2023,FQ4,Yes
20230605,2023-06-05,2023,Q2,6,June,23,Monday,Mon,FY2023,FQ4,No
20230606,2023-06-06,2023,Q2,6,June,23,Tuesday,Tue,FY2023,FQ4,No
20230607,2023-06-07,2023,Q2,6,June,23,Wednesday,Wed,FY2023,FQ4,No
20230608,2023-06-08,2023,Q2,6,June,23,Thursday,Thu,FY2023,FQ4,No
20230609,2023-06-09,2023,Q2,6,June,23,Friday,Fri,FY2023,FQ4,No
20230610,2023-06-10,2023,Q2,6,June,23,Saturday,Sat,FY2023,FQ4,Yes
20230611,2023-06-11,2023,Q2,6,June,23,Sunday,Sun,FY2023,FQ4,Yes
20230612,2023-06-12,2023,Q2,6,June,24,Monday,Mon,FY2023,FQ4,No
20230613,2023-06-13,2023,Q2,6,June,24,Tuesday,Tue,FY2023,FQ4,No
20230614,2023-06-14,2023,Q2,6,June,24,Wednesday,Wed,FY2023,FQ4,No
20230615,2023-06-15,2023,Q2,6,June,24,Thursday,Thu,FY2023,FQ4,No
20230616,2023-06-16,2023,Q2,6,June,24,Friday,Fri,FY2023,FQ4,No
20230617,2023-06-17,2023,Q2,6,June,24,Saturday,Sat,FY2023,FQ4,Yes
20230618,2023-06-18,2023,Q2,6,June,24,Sunday,Sun,FY2023,FQ4,Yes
20230619,2023-06-19,2023,Q2,6,June,25,Monday,Mon,FY2023,FQ4,No
20230620,2023-06-20,2023,Q2,6,June,25,Tuesday,Tue,FY2023,FQ4,No
20230621,2023-06-21,2023,Q2,6,June,25,Wednesday,Wed,FY2023,FQ4,No
20230622,2023-06-22,2023,Q2,6,June,25,Thursday,Thu,FY2023,FQ4,No
20230623,2023-06-23,2023,Q2,6,June,25,Friday,Fri,FY2023,FQ4,No
20230624,2023-06-24,2023,Q2,6,June,25,Saturday,Sat,FY2023,FQ4,Yes
20230625,2023-06-25,2023,Q2,6,June,25,Sunday,Sun,FY2023,FQ4,Yes
20230626,2023-06-26,2023,Q2,6,June,26,Monday,Mon,FY2023,FQ4,No
20230627,2023-06-27,2023,Q2,6,June,26,Tuesday,Tue,FY2023,FQ4,No
20230628,2023-06-28,2023,Q2,6,June,26,Wednesday,Wed,FY2023,FQ4,No
20230629,2023-06-29,2023,Q2,6,June,26,Thursday,Thu,FY2023,FQ4,No
20230630,2023-06-30,2023,Q2,6,June,26,Friday,Fri,FY2023,FQ4,No
20230701,2023-07-01,2023,Q3,7,July,26,Saturday,Sat,FY2023,FQ1,Yes
20230702,2023-07-02,2023,Q3,7,July,26,Sunday,Sun,FY2023,FQ1,Yes
20230703,2023-07-03,2023,Q3,7,July,27,Monday,Mon,FY2023,FQ1,No
20230704,2023-07-04,2023,Q3,7,July,27,Tuesday,Tue,FY2023,FQ1,No
20230705,2023-07-05,2023,Q3,7,July,27,Wednesday,Wed,FY2023,FQ1,No
20230706,2023-07-06,2023,Q3,7,July,27,Thursday,Thu,FY2023,FQ1,No
20230707,2023-07-07,2023,Q3,7,July,27,Friday,Fri,FY2023,FQ1,No
20230708,2023-07-08,2023,Q3,7,July,27,Saturday,Sat,FY2023,FQ1,Yes
20230709,2023-07-09,2023,Q3,7,July,27,Sunday,Sun,FY2023,FQ1,Yes
20230710,2023-07-10,2023,Q3,7,July,28,Monday,Mon,FY2023,FQ1,No
20230711,2023-07-11,2023,Q3,7,July,28,Tuesday,Tue,FY2023,FQ1,No
20230712,2023-07-12,2023,Q3,7,July,28,Wednesday,Wed,FY2023,FQ1,No
20230713,2023-07-13,2023,Q3,7,July,28,Thursday,Thu,FY2023,FQ1,No
20230714,2023-07-14,2023,Q3,7,July,28,Friday,Fri,FY2023,FQ1,No
20230715,2023-07-15,2023,Q3,7,July,28,Saturday,Sat,FY2023,FQ1,Yes
20230716,2023-07-16,2023,Q3,7,July,28,Sunday,Sun,FY2023,FQ1,Yes
20230717,2023-07-17,2023,Q3,7,July,29,Monday,Mon,FY2023,FQ1,No
20230718,2023-07-18,2023,Q3,7,July,29,Tuesday,Tue,FY2023,FQ1,No
20230719,2023-07-19,2023,Q3,7,July,29,Wednesday,Wed,FY2023,FQ1,No
20230720,2023-07-20,2023,Q3,7,July,29,Thursday,Thu,FY2023,FQ1,No
20230721,2023-07-21,2023,Q3,7,July,29,Friday,Fri,FY2023,FQ1,No
20230722,2023-07-22,2023,Q3,7,July,29,Saturday,Sat,FY2023,FQ1,Yes
20230723,2023-07-23,2023,Q3,7,July,29,Sunday,Sun,FY2023,FQ1,Yes
20230724,2023-07-24,2023,Q3,7,July,30,Monday,Mon,FY2023,FQ1,No
20230725,2023-07-25,2023,Q3,7,July,30,Tuesday,Tue,FY2023,FQ1,No
20230726,2023-07-26,2023,Q3,7,July,30,Wednesday,Wed,FY2023,FQ1,No
20230727,2023-07-27,2023,Q3,7,July,30,Thursday,Thu,FY2023,FQ1,No
20230728,2023-07-28,2023,Q3,7,July,30,Friday,Fri,FY2023,FQ1,No
20230729,2023-07-29,2023,Q3,7,July,30,Saturday,Sat,FY2023,FQ1,Yes
20230730,2023-07-30,2023,Q3,7,July,30,Sunday,Sun,FY2023,FQ1,Yes
20230731,2023-07-31,2023,Q3,7,July,31,Monday,Mon,FY2023,FQ1,No
20230801,2023-08-01,2023,Q3,8,August,31,Tuesday,Tue,FY2023,FQ1,No
20230802,2023-08-02,2023,Q3,8,August,31,Wednesday,Wed,FY2023,FQ1,No
20230803,2023-08-03,2023,Q3,8,August,31,Thursday,Thu,FY2023,FQ1,No
20230804,2023-08-04,2023,Q3,8,August,31,Friday,Fri,FY2023,FQ1,No
20230805,2023-08-05,2023,Q3,8,August,31,Saturday,Sat,FY2023,FQ1,Yes
20230806,2023-08-06,2023,Q3,8,August,31,Sunday,Sun,FY2023,FQ1,Yes
20230807,2023-08-07,2023,Q3,8,August,32,Monday,Mon,FY2023,FQ1,No
20230808,2023-08-08,2023,Q3,8,August,32,Tuesday,Tue,FY2023,FQ1,No
20230809,2023-08-09,2023,Q3,8,August,32,Wednesday,Wed,FY2023,FQ1,No
20230810,2023-08-10,2023,Q3,8,August,32,Thursday,Thu,FY2023,FQ1,No
20230811,2023-08-11,2023,Q3,8,August,32,Friday,Fri,FY2023,FQ1,No
20230812,2023-08-12,2023,Q3,8,August,32,Saturday,Sat,FY2023,FQ1,Yes
20230813,2023-08-13,2023,Q3,8,August,32,Sunday,Sun,FY2023,FQ1,Yes
20230814,2023-08-14,2023,Q3,8,August,33,Monday,Mon,FY2023,FQ1,No
20230815,2023-08-15,2023,Q3,8,August,33,Tuesday,Tue,FY2023,FQ1,No
20230816,2023-08-16,2023,Q3,8,August,33,Wednesday,Wed,FY2023,FQ1,No
20230817,2023-08-17,2023,Q3,8,August,33,Thursday,Thu,FY2023,FQ1,No
20230818,2023-08-18,2023,Q3,8,August,33,Friday,Fri,FY2023,FQ1,No
20230819,2023-08-19,2023,Q3,8,August,33,Saturday,Sat,FY2023,FQ1,Yes
20230820,2023-08-20,2023,Q3,8,August,33,Sunday,Sun,FY2023,FQ1,Yes
20230821,2023-08-21,2023,Q3,8,August,34,Monday,Mon,FY2023,FQ1,No
20230822,2023-08-22,2023,Q3,8,August,34,Tuesday,Tue,FY2023,FQ1,No
20230823,2023-08-23,2023,Q3,8,August,34,Wednesday,Wed,FY2023,FQ1,No
20230824,2023-08-24,2023,Q3,8,August,34,Thursday,Thu,FY2023,FQ1,No
20230825,2023-08-25,2023,Q3,8,August,34,Friday,Fri,FY2023,FQ1,No
20230826,2023-08-26,2023,Q3,8,August,34,Saturday,Sat,FY2023,FQ1,Yes
20230827,2023-08-27,2023,Q3,8,August,34,Sunday,Sun,FY2023,FQ1,Yes
20230828,2023-08-28,2023,Q3,8,August,35,Monday,Mon,FY2023,FQ1,No
20230829,2023-08-29,2023,Q3,8,August,35,Tuesday,Tue,FY2023,FQ1,No
20230830,2023-08-30,2023,Q3,8,August,35,Wednesday,Wed,FY2023,FQ1,No
20230831,2023-08-31,2023,Q3,8,August,35,Thursday,Thu,FY2023,FQ1,No
20230901,2023-09-01,2023,Q3,9,September,35,Friday,Fri,FY2023,FQ1,No
20230902,2023-09-02,2023,Q3,9,September,35,Saturday,Sat,FY2023,FQ1,Yes
20230903,2023-09-03,2023,Q3,9,September,35,Sunday,Sun,FY2023,FQ1,Yes
20230904,2023-09-04,2023,Q3,9,September,36,Monday,Mon,FY2023,FQ1,No
20230905,2023-09-05,2023,Q3,9,September,36,Tuesday,Tue,FY2023,FQ1,No
20230906,2023-09-06,2023,Q3,9,September,36,Wednesday,Wed,FY2023,FQ1,No
20230907,2023-09-07,2023,Q3,9,September,36,Thursday,Thu,FY2023,FQ1,No
20230908,2023-09-08,2023,Q3,9,September,36,Friday,Fri,FY2023,FQ1,No
20230909,2023-09-09,2023,Q3,9,September,36,Saturday,Sat,FY2023,FQ1,Yes
20230910,2023-09-10,2023,Q3,9,September,36,Sunday,Sun,FY2023,FQ1,Yes
20230911,2023-09-11,2023,Q3,9,September,37,Monday,Mon,FY2023,FQ1,No
20230912,2023-09-12,2023,Q3,9,September,37,Tuesday,Tue,FY2023,FQ1,No
20230913,2023-09-13,2023,Q3,9,September,37,Wednesday,Wed,FY2023,FQ1,No
20230914,2023-09-14,2023,Q3,9,September,37,Thursday,Thu,FY2023,FQ1,No
20230915,2023-09-15,2023,Q3,9,September,37,Friday,Fri,FY2023,FQ1,No
20230916,2023-09-16,2023,Q3,9,September,37,Saturday,Sat,FY2023,FQ1,Yes
20230917,2023-09-17,2023,Q3,9,September,37,Sunday,Sun,FY2023,FQ1,Yes
20230918,2023-09-18,2023,Q3,9,September,38,Monday,Mon,FY2023,FQ1,No
20230919,2023-09-19,2023,Q3,9,September,38,Tuesday,Tue,FY2023,FQ1,No
20230920,2023-09-20,2023,Q3,9,September,38,Wednesday,Wed,FY2023,FQ1,No
20230921,2023-09-21,2023,Q3,9,September,38,Thursday,Thu,FY2023,FQ1,No
20230922,2023-09-22,2023,Q3,9,September,38,Friday,Fri,FY2023,FQ1,No
20230923,2023-09-23,2023,Q3,9,September,38,Saturday,Sat,FY2023,FQ1,Yes
20230924,2023-09-24,2023,Q3,9,September,38,Sunday,Sun,FY2023,FQ1,Yes
20230925,2023-09-25,2023,Q3,9,September,39,Monday,Mon,FY2023,FQ1,No
20230926,2023-09-26,2023,Q3,9,September,39,Tuesday,Tue,FY2023,FQ1,No
20230927,2023-09-27,2023,Q3,9,September,39,Wednesday,Wed,FY2023,FQ1,No
20230928,2023-09-28,2023,Q3,9,September,39,Thursday,Thu,FY2023,FQ1,No
20230929,2023-09-29,2023,Q3,9,September,39,Friday,Fri,FY2023,FQ1,No
20230930,2023-09-30,2023,Q3,9,September,39,Saturday,Sat,FY2023,FQ1,Yes
20231001,2023-10-01,2023,Q4,10,October,39,Sunday,Sun,FY2023,FQ2,Yes
20231002,2023-10-02,2023,Q4,10,October,40,Monday,Mon,FY2023,FQ2,No
20231003,2023-10-03,2023,Q4,10,October,40,Tuesday,Tue,FY2023,FQ2,No
20231004,2023-10-04,2023,Q4,10,October,40,Wednesday,Wed,FY2023,FQ2,No
20231005,2023-10-05,2023,Q4,10,October,40,Thursday,Thu,FY2023,FQ2,No
20231006,2023-10-06,2023,Q4,10,October,40,Friday,Fri,FY2023,FQ2,No
20231007,2023-10-07,2023,Q4,10,October,40,Saturday,Sat,FY2023,FQ2,Yes
20231008,2023-10-08,2023,Q4,10,October,40,Sunday,Sun,FY2023,FQ2,Yes
20231009,2023-10-09,2023,Q4,10,October,41,Monday,Mon,FY2023,FQ2,No
20231010,2023-10-10,2023,Q4,10,October,41,Tuesday,Tue,FY2023,FQ2,No
20231011,2023-10-11,2023,Q4,10,October,41,Wednesday,Wed,FY2023,FQ2,No
20231012,2023-10-12,2023,Q4,10,October,41,Thursday,Thu,FY2023,FQ2,No
20231013,2023-10-13,2023,Q4,10,October,41,Friday,Fri,FY2023,FQ2,No
20231014,2023-10-14,2023,Q4,10,October,41,Saturday,Sat,FY2023,FQ2,Yes
20231015,2023-10-15,2023,Q4,10,October,41,Sunday,Sun,FY2023,FQ2,Yes
20231016,2023-10-16,2023,Q4,10,October,42,Monday,Mon,FY2023,FQ2,No
20231017,2023-10-17,2023,Q4,10,October,42,Tuesday,Tue,FY2023,FQ2,No
20231018,2023-10-18,2023,Q4,10,October,42,Wednesday,Wed,FY2023,FQ2,No
20231019,2023-10-19,2023,Q4,10,October,42,Thursday,Thu,FY2023,FQ2,No
20231020,2023-10-20,2023,Q4,10,October,42,Friday,Fri,FY2023,FQ2,No
20231021,2023-10-21,2023,Q4,10,October,42,Saturday,Sat,FY2023,FQ2,Yes
20231022,2023-10-22,2023,Q4,10,October,42,Sunday,Sun,FY2023,FQ2,Yes
20231023,2023-10-23,2023,Q4,10,October,43,Monday,Mon,FY2023,FQ2,No
20231024,2023-10-24,2023,Q4,10,October,43,Tuesday,Tue,FY2023,FQ2,No
20231025,2023-10-25,2023,Q4,10,October,43,Wednesday,Wed,FY2023,FQ2,No
20231026,2023-10-26,2023,Q4,10,October,43,Thursday,Thu,FY2023,FQ2,No
20231027,2023-10-27,2023,Q4,10,October,43,Friday,Fri,FY2023,FQ2,No
20231028,2023-10-28,2023,Q4,10,October,43,Saturday,Sat,FY2023,FQ2,Yes
20231029,2023-10-29,2023,Q4,10,October,43,Sunday,Sun,FY2023,FQ2,Yes
20231030,2023-10-30,2023,Q4,10,October,44,Monday,Mon,FY2023,FQ2,No
20231031,2023-10-31,2023,Q4,10,October,44,Tuesday,Tue,FY2023,FQ2,No
20231101,2023-11-01,2023,Q4,11,November,44,Wednesday,Wed,FY2023,FQ2,No
20231102,2023-11-02,2023,Q4,11,November,44,Thursday,Thu,FY2023,FQ2,No
20231103,2023-11-03,2023,Q4,11,November,44,Friday,Fri,FY2023,FQ2,No
20231104,2023-11-04,2023,Q4,11,November,44,Saturday,Sat,FY2023,FQ2,Yes
20231105,2023-11-05,2023,Q4,11,November,44,Sunday,Sun,FY2023,FQ2,Yes
20231106,2023-11-06,2023,Q4,11,November,45,Monday,Mon,FY2023,FQ2,No
20231107,2023-11-07,2023,Q4,11,November,45,Tuesday,Tue,FY2023,FQ2,No
20231108,2023-11-08,2023,Q4,11,November,45,Wednesday,Wed,FY2023,FQ2,No
20231109,2023-11-09,2023,Q4,11,November,45,Thursday,Thu,FY2023,FQ2,No
20231110,2023-11-10,2023,Q4,11,November,45,Friday,Fri,FY2023,FQ2,No
20231111,2023-11-11,2023,Q4,11,November,45,Saturday,Sat,FY2023,FQ2,Yes
20231112,2023-11-12,2023,Q4,11,November,45,Sunday,Sun,FY2023,FQ2,Yes
20231113,2023-11-13,2023,Q4,11,November,46,Monday,Mon,FY2023,FQ2,No
20231114,2023-11-14,2023,Q4,11,November,46,Tuesday,Tue,FY2023,FQ2,No
20231115,2023-11-15,2023,Q4,11,November,46,Wednesday,Wed,FY2023,FQ2,No
20231116,2023-11-16,2023,Q4,11,November,46,Thursday,Thu,FY2023,FQ2,No
20231117,2023-11-17,2023,Q4,11,November,46,Friday,Fri,FY2023,FQ2,No
20231118,2023-11-18,2023,Q4,11,November,46,Saturday,Sat,FY2023,FQ2,Yes
20231119,2023-11-19,2023,Q4,11,November,46,Sunday,Sun,FY2023,FQ2,Yes
20231120,2023-11-20,2023,Q4,11,November,47,Monday,Mon,FY2023,FQ2,No
20231121,2023-11-21,2023,Q4,11,November,47,Tuesday,Tue,FY2023,FQ2,No
20231122,2023-11-22,2023,Q4,11,November,47,Wednesday,Wed,FY2023,FQ2,No
20231123,2023-11-23,2023,Q4,11,November,47,Thursday,Thu,FY2023,FQ2,No
20231124,2023-11-24,2023,Q4,11,November,47,Friday,Fri,FY2023,FQ2,No
20231125,2023-11-25,2023,Q4,11,November,47,Saturday,Sat,FY2023,FQ2,Yes
20231126,2023-11-26,2023,Q4,11,November,47,Sunday,Sun,FY2023,FQ2,Yes
20231127,2023-11-27,2023,Q4,11,November,48,Monday,Mon,FY2023,FQ2,No
20231128,2023-11-28,2023,Q4,11,November,48,Tuesday,Tue,FY2023,FQ2,No
20231129,2023-11-29,2023,Q4,11,November,48,Wednesday,Wed,FY2023,FQ2,No
20231130,2023-11-30,2023,Q4,11,November,48,Thursday,Thu,FY2023,FQ2,No
20231201,2023-12-01,2023,Q4,12,December,48,Friday,Fri,FY2023,FQ2,No
20231202,2023-12-02,2023,Q4,12,December,48,Saturday,Sat,FY2023,FQ2,Yes
20231203,2023-12-03,2023,Q4,12,December,48,Sunday,Sun,FY2023,FQ2,Yes
20231204,2023-12-04,2023,Q4,12,December,49,Monday,Mon,FY2023,FQ2,No
20231205,2023-12-05,2023,Q4,12,December,49,Tuesday,Tue,FY2023,FQ2,No
20231206,2023-12-06,2023,Q4,12,December,49,Wednesday,Wed,FY2023,FQ2,No
20231207,2023-12-07,2023,Q4,12,December,49,Thursday,Thu,FY2023,FQ2,No
20231208,2023-12-08,2023,Q4,12,December,49,Friday,Fri,FY2023,FQ2,No
20231209,2023-12-09,2023,Q4,12,December,49,Saturday,Sat,FY2023,FQ2,Yes
20231210,2023-12-10,2023,Q4,12,December,49,Sunday,Sun,FY2023,FQ2,Yes
20231211,2023-12-11,2023,Q4,12,December,50,Monday,Mon,FY2023,FQ2,No
20231212,2023-12-12,2023,Q4,12,December,50,Tuesday,Tue,FY2023,FQ2,No
20231213,2023-12-13,2023,Q4,12,December,50,Wednesday,Wed,FY2023,FQ2,No
20231214,2023-12-14,2023,Q4,12,December,50,Thursday,Thu,FY2023,FQ2,No
20231215,2023-12-15,2023,Q4,12,December,50,Friday,Fri,FY2023,FQ2,No
20231216,2023-12-16,2023,Q4,12,December,50,Saturday,Sat,FY2023,FQ2,Yes
20231217,2023-12-17,2023,Q4,12,December,50,Sunday,Sun,FY2023,FQ2,Yes
20231218,2023-12-18,2023,Q4,12,December,51,Monday,Mon,FY2023,FQ2,No
20231219,2023-12-19,2023,Q4,12,December,51,Tuesday,Tue,FY2023,FQ2,No
20231220,2023-12-20,2023,Q4,12,December,51,Wednesday,Wed,FY2023,FQ2,No
20231221,2023-12-21,2023,Q4,12,December,51,Thursday,Thu,FY2023,FQ2,No
20231222,2023-12-22,2023,Q4,12,December,51,Friday,Fri,FY2023,FQ2,No
20231223,2023-12-23,2023,Q4,12,December,51,Saturday,Sat,FY2023,FQ2,Yes
20231224,2023-12-24,2023,Q4,12,December,51,Sunday,Sun,FY2023,FQ2,Yes
20231225,2023-12-25,2023,Q4,12,December,52,Monday,Mon,FY2023,FQ2,No
20231226,2023-12-26,2023,Q4,12,December,52,Tuesday,Tue,FY2023,FQ2,No
20231227,2023-12-27,2023,Q4,12,December,52,Wednesday,Wed,FY2023,FQ2,No
20231228,2023-12-28,2023,Q4,12,December,52,Thursday,Thu,FY2023,FQ2,No
20231229,2023-12-29,2023,Q4,12,December,52,Friday,Fri,FY2023,FQ2,No
20231230,2023-12-30,2023,Q4,12,December,52,Saturday,Sat,FY2023,FQ2,Yes
20231231,2023-12-31,2023,Q4,12,December,52,Sunday,Sun,FY2023,FQ2,Yes
20240101,2024-01-01,2024,Q1,1,January,1,Monday,Mon,FY2024,FQ3,No
20240102,2024-01-02,2024,Q1,1,January,1,Tuesday,Tue,FY2024,FQ3,No
20240103,2024-01-03,2024,Q1,1,January,1,Wednesday,Wed,FY2024,FQ3,No
20240104,2024-01-04,2024,Q1,1,January,1,Thursday,Thu,FY2024,FQ3,No
20240105,2024-01-05,2024,Q1,1,January,1,Friday,Fri,FY2024,FQ3,No
20240106,2024-01-06,2024,Q1,1,January,1,Saturday,Sat,FY2024,FQ3,Yes
20240107,2024-01-07,2024,Q1,1,January,1,Sunday,Sun,FY2024,FQ3,Yes
20240108,2024-01-08,2024,Q1,1,January,2,Monday,Mon,FY2024,FQ3,No
20240109,2024-01-09,2024,Q1,1,January,2,Tuesday,Tue,FY2024,FQ3,No
20240110,2024-01-10,2024,Q1,1,January,2,Wednesday,Wed,FY2024,FQ3,No
20240111,2024-01-11,2024,Q1,1,January,2,Thursday,Thu,FY2024,FQ3,No
20240112,2024-01-12,2024,Q1,1,January,2,Friday,Fri,FY2024,FQ3,No
20240113,2024-01-13,2024,Q1,1,January,2,Saturday,Sat,FY2024,FQ3,Yes
20240114,2024-01-14,2024,Q1,1,January,2,Sunday,Sun,FY2024,FQ3,Yes
20240115,2024-01-15,2024,Q1,1,January,3,Monday,Mon,FY2024,FQ3,No
20240116,2024-01-16,2024,Q1,1,January,3,Tuesday,Tue,FY2024,FQ3,No
20240117,2024-01-17,2024,Q1,1,January,3,Wednesday,Wed,FY2024,FQ3,No
20240118,2024-01-18,2024,Q1,1,January,3,Thursday,Thu,FY2024,FQ3,No
20240119,2024-01-19,2024,Q1,1,January,3,Friday,Fri,FY2024,FQ3,No
20240120,2024-01-20,2024,Q1,1,January,3,Saturday,Sat,FY2024,FQ3,Yes
20240121,2024-01-21,2024,Q1,1,January,3,Sunday,Sun,FY2024,FQ3,Yes
20240122,2024-01-22,2024,Q1,1,January,4,Monday,Mon,FY2024,FQ3,No
20240123,2024-01-23,2024,Q1,1,January,4,Tuesday,Tue,FY2024,FQ3,No
20240124,2024-01-24,2024,Q1,1,January,4,Wednesday,Wed,FY2024,FQ3,No
20240125,2024-01-25,2024,Q1,1,January,4,Thursday,Thu,FY2024,FQ3,No
20240126,2024-01-26,2024,Q1,1,January,4,Friday,Fri,FY2024,FQ3,No
20240127,2024-01-27,2024,Q1,1,January,4,Saturday,Sat,FY2024,FQ3,Yes
20240128,2024-01-28,2024,Q1,1,January,4,Sunday,Sun,FY2024,FQ3,Yes
20240129,2024-01-29,2024,Q1,1,January,5,Monday,Mon,FY2024,FQ3,No
20240130,2024-01-30,2024,Q1,1,January,5,Tuesday,Tue,FY2024,FQ3,No
20240131,2024-01-31,2024,Q1,1,January,5,Wednesday,Wed,FY2024,FQ3,No
20240201,2024-02-01,2024,Q1,2,February,5,Thursday,Thu,FY2024,FQ3,No
20240202,2024-02-02,2024,Q1,2,February,5,Friday,Fri,FY2024,FQ3,No
20240203,2024-02-03,2024,Q1,2,February,5,Saturday,Sat,FY2024,FQ3,Yes
20240204,2024-02-04,2024,Q1,2,February,5,Sunday,Sun,FY2024,FQ3,Yes
20240205,2024-02-05,2024,Q1,2,February,6,Monday,Mon,FY2024,FQ3,No
20240206,2024-02-06,2024,Q1,2,February,6,Tuesday,Tue,FY2024,FQ3,No
20240207,2024-02-07,2024,Q1,2,February,6,Wednesday,Wed,FY2024,FQ3,No
20240208,2024-02-08,2024,Q1,2,February,6,Thursday,Thu,FY2024,FQ3,No
20240209,2024-02-09,2024,Q1,2,February,6,Friday,Fri,FY2024,FQ3,No
20240210,2024-02-10,2024,Q1,2,February,6,Saturday,Sat,FY2024,FQ3,Yes
20240211,2024-02-11,2024,Q1,2,February,6,Sunday,Sun,FY2024,FQ3,Yes
20240212,2024-02-12,2024,Q1,2,February,7,Monday,Mon,FY2024,FQ3,No
20240213,2024-02-13,2024,Q1,2,February,7,Tuesday,Tue,FY2024,FQ3,No
20240214,2024-02-14,2024,Q1,2,February,7,Wednesday,Wed,FY2024,FQ3,No
20240215,2024-02-15,2024,Q1,2,February,7,Thursday,Thu,FY2024,FQ3,No
20240216,2024-02-16,2024,Q1,2,February,7,Friday,Fri,FY2024,FQ3,No
20240217,2024-02-17,2024,Q1,2,February,7,Saturday,Sat,FY2024,FQ3,Yes
20240218,2024-02-18,2024,Q1,2,February,7,Sunday,Sun,FY2024,FQ3,Yes
20240219,2024-02-19,2024,Q1,2,February,8,Monday,Mon,FY2024,FQ3,No
20240220,2024-02-20,2024,Q1,2,February,8,Tuesday,Tue,FY2024,FQ3,No
20240221,2024-02-21,2024,Q1,2,February,8,Wednesday,Wed,FY2024,FQ3,No
20240222,2024-02-22,2024,Q1,2,February,8,Thursday,Thu,FY2024,FQ3,No
20240223,2024-02-23,2024,Q1,2,February,8,Friday,Fri,FY2024,FQ3,No
20240224,2024-02-24,2024,Q1,2,February,8,Saturday,Sat,FY2024,FQ3,Yes
20240225,2024-02-25,2024,Q1,2,February,8,Sunday,Sun,FY2024,FQ3,Yes
20240226,2024-02-26,2024,Q1,2,February,9,Monday,Mon,FY2024,FQ3,No
20240227,2024-02-27,2024,Q1,2,February,9,Tuesday,Tue,FY2024,FQ3,No
20240228,2024-02-28,2024,Q1,2,February,9,Wednesday,Wed,FY2024,FQ3,No
20240229,2024-02-29,2024,Q1,2,February,9,Thursday,Thu,FY2024,FQ3,No
20240301,2024-03-01,2024,Q1,3,March,9,Friday,Fri,FY2024,FQ3,No
20240302,2024-03-02,2024,Q1,3,March,9,Saturday,Sat,FY2024,FQ3,Yes
20240303,2024-03-03,2024,Q1,3,March,9,Sunday,Sun,FY2024,FQ3,Yes
20240304,2024-03-04,2024,Q1,3,March,10,Monday,Mon,FY2024,FQ3,No
20240305,2024-03-05,2024,Q1,3,March,10,Tuesday,Tue,FY2024,FQ3,No
20240306,2024-03-06,2024,Q1,3,March,10,Wednesday,Wed,FY2024,FQ3,No
20240307,2024-03-07,2024,Q1,3,March,10,Thursday,Thu,FY2024,FQ3,No
20240308,2024-03-08,2024,Q1,3,March,10,Friday,Fri,FY2024,FQ3,No
20240309,2024-03-09,2024,Q1,3,March,10,Saturday,Sat,FY2024,FQ3,Yes
20240310,2024-03-10,2024,Q1,3,March,10,Sunday,Sun,FY2024,FQ3,Yes
20240311,2024-03-11,2024,Q1,3,March,11,Monday,Mon,FY2024,FQ3,No
20240312,2024-03-12,2024,Q1,3,March,11,Tuesday,Tue,FY2024,FQ3,No
20240313,2024-03-13,2024,Q1,3,March,11,Wednesday,Wed,FY2024,FQ3,No
20240314,2024-03-14,2024,Q1,3,March,11,Thursday,Thu,FY2024,FQ3,No
20240315,2024-03-15,2024,Q1,3,March,11,Friday,Fri,FY2024,FQ3,No
20240316,2024-03-16,2024,Q1,3,March,11,Saturday,Sat,FY2024,FQ3,Yes
20240317,2024-03-17,2024,Q1,3,March,11,Sunday,Sun,FY2024,FQ3,Yes
20240318,2024-03-18,2024,Q1,3,March,12,Monday,Mon,FY2024,FQ3,No
20240319,2024-03-19,2024,Q1,3,March,12,Tuesday,Tue,FY2024,FQ3,No
20240320,2024-03-20,2024,Q1,3,March,12,Wednesday,Wed,FY2024,FQ3,No
20240321,2024-03-21,2024,Q1,3,March,12,Thursday,Thu,FY2024,FQ3,No
20240322,2024-03-22,2024,Q1,3,March,12,Friday,Fri,FY2024,FQ3,No
20240323,2024-03-23,2024,Q1,3,March,12,Saturday,Sat,FY2024,FQ3,Yes
20240324,2024-03-24,2024,Q1,3,March,12,Sunday,Sun,FY2024,FQ3,Yes
20240325,2024-03-25,2024,Q1,3,March,13,Monday,Mon,FY2024,FQ3,No
20240326,2024-03-26,2024,Q1,3,March,13,Tuesday,Tue,FY2024,FQ3,No
20240327,2024-03-27,2024,Q1,3,March,13,Wednesday,Wed,FY2024,FQ3,No
20240328,2024-03-28,2024,Q1,3,March,13,Thursday,Thu,FY2024,FQ3,No
20240329,2024-03-29,2024,Q1,3,March,13,Friday,Fri,FY2024,FQ3,No
20240330,2024-03-30,2024,Q1,3,March,13,Saturday,Sat,FY2024,FQ3,Yes
20240331,2024-03-31,2024,Q1,3,March,13,Sunday,Sun,FY2024,FQ3,Yes
20240401,2024-04-01,2024,Q2,4,April,14,Monday,Mon,FY2024,FQ4,No
20240402,2024-04-02,2024,Q2,4,April,14,Tuesday,Tue,FY2024,FQ4,No
20240403,2024-04-03,2024,Q2,4,April,14,Wednesday,Wed,FY2024,FQ4,No
20240404,2024-04-04,2024,Q2,4,April,14,Thursday,Thu,FY2024,FQ4,No
20240405,2024-04-05,2024,Q2,4,April,14,Friday,Fri,FY2024,FQ4,No
20240406,2024-04-06,2024,Q2,4,April,14,Saturday,Sat,FY2024,FQ4,Yes
20240407,2024-04-07,2024,Q2,4,April,14,Sunday,Sun,FY2024,FQ4,Yes
20240408,2024-04-08,2024,Q2,4,April,15,Monday,Mon,FY2024,FQ4,No
20240409,2024-04-09,2024,Q2,4,April,15,Tuesday,Tue,FY2024,FQ4,No
20240410,2024-04-10,2024,Q2,4,April,15,Wednesday,Wed,FY2024,FQ4,No
20240411,2024-04-11,2024,Q2,4,April,15,Thursday,Thu,FY2024,FQ4,No
20240412,2024-04-12,2024,Q2,4,April,15,Friday,Fri,FY2024,FQ4,No
20240413,2024-04-13,2024,Q2,4,April,15,Saturday,Sat,FY2024,FQ4,Yes
20240414,2024-04-14,2024,Q2,4,April,15,Sunday,Sun,FY2024,FQ4,Yes
20240415,2024-04-15,2024,Q2,4,April,16,Monday,Mon,FY2024,FQ4,No
20240416,2024-04-16,2024,Q2,4,April,16,Tuesday,Tue,FY2024,FQ4,No
20240417,2024-04-17,2024,Q2,4,April,16,Wednesday,Wed,FY2024,FQ4,No
20240418,2024-04-18,2024,Q2,4,April,16,Thursday,Thu,FY2024,FQ4,No
20240419,2024-04-19,2024,Q2,4,April,16,Friday,Fri,FY2024,FQ4,No
20240420,2024-04-20,2024,Q2,4,April,16,Saturday,Sat,FY2024,FQ4,Yes
20240421,2024-04-21,2024,Q2,4,April,16,Sunday,Sun,FY2024,FQ4,Yes
20240422,2024-04-22,2024,Q2,4,April,17,Monday,Mon,FY2024,FQ4,No
20240423,2024-04-23,2024,Q2,4,April,17,Tuesday,Tue,FY2024,FQ4,No
20240424,2024-04-24,2024,Q2,4,April,17,Wednesday,Wed,FY2024,FQ4,No
20240425,2024-04-25,2024,Q2,4,April,17,Thursday,Thu,FY2024,FQ4,No
20240426,2024-04-26,2024,Q2,4,April,17,Friday,Fri,FY2024,FQ4,No
20240427,2024-04-27,2024,Q2,4,April,17,Saturday,Sat,FY2024,FQ4,Yes
20240428,2024-04-28,2024,Q2,4,April,17,Sunday,Sun,FY2024,FQ4,Yes
20240429,2024-04-29,2024,Q2,4,April,18,Monday,Mon,FY2024,FQ4,No
20240430,2024-04-30,2024,Q2,4,April,18,Tuesday,Tue,FY2024,FQ4,No
20240501,2024-05-01,2024,Q2,5,May,18,Wednesday,Wed,FY2024,FQ4,No
20240502,2024-05-02,2024,Q2,5,May,18,Thursday,Thu,FY2024,FQ4,No
20240503,2024-05-03,2024,Q2,5,May,18,Friday,Fri,FY2024,FQ4,No
20240504,2024-05-04,2024,Q2,5,May,18,Saturday,Sat,FY2024,FQ4,Yes
20240505,2024-05-05,2024,Q2,5,May,18,Sunday,Sun,FY2024,FQ4,Yes
20240506,2024-05-06,2024,Q2,5,May,19,Monday,Mon,FY2024,FQ4,No
20240507,2024-05-07,2024,Q2,5,May,19,Tuesday,Tue,FY2024,FQ4,No
20240508,2024-05-08,2024,Q2,5,May,19,Wednesday,Wed,FY2024,FQ4,No
20240509,2024-05-09,2024,Q2,5,May,19,Thursday,Thu,FY2024,FQ4,No
20240510,2024-05-10,2024,Q2,5,May,19,Friday,Fri,FY2024,FQ4,No
20240511,2024-05-11,2024,Q2,5,May,19,Saturday,Sat,FY2024,FQ4,Yes
20240512,2024-05-12,2024,Q2,5,May,19,Sunday,Sun,FY2024,FQ4,Yes
20240513,2024-05-13,2024,Q2,5,May,20,Monday,Mon,FY2024,FQ4,No
20240514,2024-05-14,2024,Q2,5,May,20,Tuesday,Tue,FY2024,FQ4,No
20240515,2024-05-15,2024,Q2,5,May,20,Wednesday,Wed,FY2024,FQ4,No
20240516,2024-05-16,2024,Q2,5,May,20,Thursday,Thu,FY2024,FQ4,No
20240517,2024-05-17,2024,Q2,5,May,20,Friday,Fri,FY2024,FQ4,No
20240518,2024-05-18,2024,Q2,5,May,20,Saturday,Sat,FY2024,FQ4,Yes
20240519,2024-05-19,2024,Q2,5,May,20,Sunday,Sun,FY2024,FQ4,Yes
20240520,2024-05-20,2024,Q2,5,May,21,Monday,Mon,FY2024,FQ4,No
20240521,2024-05-21,2024,Q2,5,May,21,Tuesday,Tue,FY2024,FQ4,No
20240522,2024-05-22,2024,Q2,5,May,21,Wednesday,Wed,FY2024,FQ4,No
20240523,2024-05-23,2024,Q2,5,May,21,Thursday,Thu,FY2024,FQ4,No
20240524,2024-05-24,2024,Q2,5,May,21,Friday,Fri,FY2024,FQ4,No
20240525,2024-05-25,2024,Q2,5,May,21,Saturday,Sat,FY2024,FQ4,Yes
20240526,2024-05-26,2024,Q2,5,May,21,Sunday,Sun,FY2024,FQ4,Yes
20240527,2024-05-27,2024,Q2,5,May,22,Monday,Mon,FY2024,FQ4,No
20240528,2024-05-28,2024,Q2,5,May,22,Tuesday,Tue,FY2024,FQ4,No
20240529,2024-05-29,2024,Q2,5,May,22,Wednesday,Wed,FY2024,FQ4,No
20240530,2024-05-30,2024,Q2,5,May,22,Thursday,Thu,FY2024,FQ4,No
20240531,2024-05-31,2024,Q2,5,May,22,Friday,Fri,FY2024,FQ4,No
20240601,2024-06-01,2024,Q2,6,June,22,Saturday,Sat,FY2024,FQ4,Yes
20240602,2024-06-02,2024,Q2,6,June,22,Sunday,Sun,FY2024,FQ4,Yes
20240603,2024-06-03,2024,Q2,6,June,23,Monday,Mon,FY2024,FQ4,No
20240604,2024-06-04,2024,Q2,6,June,23,Tuesday,Tue,FY2024,FQ4,No
20240605,2024-06-05,2024,Q2,6,June,23,Wednesday,Wed,FY2024,FQ4,No
20240606,2024-06-06,2024,Q2,6,June,23,Thursday,Thu,FY2024,FQ4,No
20240607,2024-06-07,2024,Q2,6,June,23,Friday,Fri,FY2024,FQ4,No
20240608,2024-06-08,2024,Q2,6,June,23,Saturday,Sat,FY2024,FQ4,Yes
20240609,2024-06-09,2024,Q2,6,June,23,Sunday,Sun,FY2024,FQ4,Yes
20240610,2024-06-10,2024,Q2,6,June,24,Monday,Mon,FY2024,FQ4,No
20240611,2024-06-11,2024,Q2,6,June,24,Tuesday,Tue,FY2024,FQ4,No
20240612,2024-06-12,2024,Q2,6,June,24,Wednesday,Wed,FY2024,FQ4,No
20240613,2024-06-13,2024,Q2,6,June,24,Thursday,Thu,FY2024,FQ4,No
20240614,2024-06-14,2024,Q2,6,June,24,Friday,Fri,FY2024,FQ4,No
20240615,2024-06-15,2024,Q2,6,June,24,Saturday,Sat,FY2024,FQ4,Yes
20240616,2024-06-16,2024,Q2,6,June,24,Sunday,Sun,FY2024,FQ4,Yes
20240617,2024-06-17,2024,Q2,6,June,25,Monday,Mon,FY2024,FQ4,No
20240618,2024-06-18,2024,Q2,6,June,25,Tuesday,Tue,FY2024,FQ4,No
20240619,2024-06-19,2024,Q2,6,June,25,Wednesday,Wed,FY2024,FQ4,No
20240620,2024-06-20,2024,Q2,6,June,25,Thursday,Thu,FY2024,FQ4,No
20240621,2024-06-21,2024,Q2,6,June,25,Friday,Fri,FY2024,FQ4,No
20240622,2024-06-22,2024,Q2,6,June,25,Saturday,Sat,FY2024,FQ4,Yes
20240623,2024-06-23,2024,Q2,6,June,25,Sunday,Sun,FY2024,FQ4,Yes
20240624,2024-06-24,2024,Q2,6,June,26,Monday,Mon,FY2024,FQ4,No
20240625,2024-06-25,2024,Q2,6,June,26,Tuesday,Tue,FY2024,FQ4,No
20240626,2024-06-26,2024,Q2,6,June,26,Wednesday,Wed,FY2024,FQ4,No
20240627,2024-06-27,2024,Q2,6,June,26,Thursday,Thu,FY2024,FQ4,No
20240628,2024-06-28,2024,Q2,6,June,26,Friday,Fri,FY2024,FQ4,No
20240629,2024-06-29,2024,Q2,6,June,26,Saturday,Sat,FY2024,FQ4,Yes
20240630,2024-06-30,2024,Q2,6,June,26,Sunday,Sun,FY2024,FQ4,Yes
20240701,2024-07-01,2024,Q3,7,July,27,Monday,Mon,FY2024,FQ1,No
20240702,2024-07-02,2024,Q3,7,July,27,Tuesday,Tue,FY2024,FQ1,No
20240703,2024-07-03,2024,Q3,7,July,27,Wednesday,Wed,FY2024,FQ1,No
20240704,2024-07-04,2024,Q3,7,July,27,Thursday,Thu,FY2024,FQ1,No
20240705,2024-07-05,2024,Q3,7,July,27,Friday,Fri,FY2024,FQ1,No
20240706,2024-07-06,2024,Q3,7,July,27,Saturday,Sat,FY2024,FQ1,Yes
20240707,2024-07-07,2024,Q3,7,July,27,Sunday,Sun,FY2024,FQ1,Yes
20240708,2024-07-08,2024,Q3,7,July,28,Monday,Mon,FY2024,FQ1,No
20240709,2024-07-09,2024,Q3,7,July,28,Tuesday,Tue,FY2024,FQ1,No
20240710,2024-07-10,2024,Q3,7,July,28,Wednesday,Wed,FY2024,FQ1,No
20240711,2024-07-11,2024,Q3,7,July,28,Thursday,Thu,FY2024,FQ1,No
20240712,2024-07-12,2024,Q3,7,July,28,Friday,Fri,FY2024,FQ1,No
20240713,2024-07-13,2024,Q3,7,July,28,Saturday,Sat,FY2024,FQ1,Yes
20240714,2024-07-14,2024,Q3,7,July,28,Sunday,Sun,FY2024,FQ1,Yes
20240715,2024-07-15,2024,Q3,7,July,29,Monday,Mon,FY2024,FQ1,No
20240716,2024-07-16,2024,Q3,7,July,29,Tuesday,Tue,FY2024,FQ1,No
20240717,2024-07-17,2024,Q3,7,July,29,Wednesday,Wed,FY2024,FQ1,No
20240718,2024-07-18,2024,Q3,7,July,29,Thursday,Thu,FY2024,FQ1,No
20240719,2024-07-19,2024,Q3,7,July,29,Friday,Fri,FY2024,FQ1,No
20240720,2024-07-20,2024,Q3,7,July,29,Saturday,Sat,FY2024,FQ1,Yes
20240721,2024-07-21,2024,Q3,7,July,29,Sunday,Sun,FY2024,FQ1,Yes
20240722,2024-07-22,2024,Q3,7,July,30,Monday,Mon,FY2024,FQ1,No
20240723,2024-07-23,2024,Q3,7,July,30,Tuesday,Tue,FY2024,FQ1,No
20240724,2024-07-24,2024,Q3,7,July,30,Wednesday,Wed,FY2024,FQ1,No
20240725,2024-07-25,2024,Q3,7,July,30,Thursday,Thu,FY2024,FQ1,No
20240726,2024-07-26,2024,Q3,7,July,30,Friday,Fri,FY2024,FQ1,No
20240727,2024-07-27,2024,Q3,7,July,30,Saturday,Sat,FY2024,FQ1,Yes
20240728,2024-07-28,2024,Q3,7,July,30,Sunday,Sun,FY2024,FQ1,Yes
20240729,2024-07-29,2024,Q3,7,July,31,Monday,Mon,FY2024,FQ1,No
20240730,2024-07-30,2024,Q3,7,July,31,Tuesday,Tue,FY2024,FQ1,No
20240731,2024-07-31,2024,Q3,7,July,31,Wednesday,Wed,FY2024,FQ1,No
20240801,2024-08-01,2024,Q3,8,August,31,Thursday,Thu,FY2024,FQ1,No
20240802,2024-08-02,2024,Q3,8,August,31,Friday,Fri,FY2024,FQ1,No
20240803,2024-08-03,2024,Q3,8,August,31,Saturday,Sat,FY2024,FQ1,Yes
20240804,2024-08-04,2024,Q3,8,August,31,Sunday,Sun,FY2024,FQ1,Yes
20240805,2024-08-05,2024,Q3,8,August,32,Monday,Mon,FY2024,FQ1,No
20240806,2024-08-06,2024,Q3,8,August,32,Tuesday,Tue,FY2024,FQ1,No
20240807,2024-08-07,2024,Q3,8,August,32,Wednesday,Wed,FY2024,FQ1,No
20240808,2024-08-08,2024,Q3,8,August,32,Thursday,Thu,FY2024,FQ1,No
20240809,2024-08-09,2024,Q3,8,August,32,Friday,Fri,FY2024,FQ1,No
20240810,2024-08-10,2024,Q3,8,August,32,Saturday,Sat,FY2024,FQ1,Yes
20240811,2024-08-11,2024,Q3,8,August,32,Sunday,Sun,FY2024,FQ1,Yes
20240812,2024-08-12,2024,Q3,8,August,33,Monday,Mon,FY2024,FQ1,No
20240813,2024-08-13,2024,Q3,8,August,33,Tuesday,Tue,FY2024,FQ1,No
20240814,2024-08-14,2024,Q3,8,August,33,Wednesday,Wed,FY2024,FQ1,No
20240815,2024-08-15,2024,Q3,8,August,33,Thursday,Thu,FY2024,FQ1,No
20240816,2024-08-16,2024,Q3,8,August,33,Friday,Fri,FY2024,FQ1,No
20240817,2024-08-17,2024,Q3,8,August,33,Saturday,Sat,FY2024,FQ1,Yes
20240818,2024-08-18,2024,Q3,8,August,33,Sunday,Sun,FY2024,FQ1,Yes
20240819,2024-08-19,2024,Q3,8,August,34,Monday,Mon,FY2024,FQ1,No
20240820,2024-08-20,2024,Q3,8,August,34,Tuesday,Tue,FY2024,FQ1,No
20240821,2024-08-21,2024,Q3,8,August,34,Wednesday,Wed,FY2024,FQ1,No
20240822,2024-08-22,2024,Q3,8,August,34,Thursday,Thu,FY2024,FQ1,No
20240823,2024-08-23,2024,Q3,8,August,34,Friday,Fri,FY2024,FQ1,No
20240824,2024-08-24,2024,Q3,8,August,34,Saturday,Sat,FY2024,FQ1,Yes
20240825,2024-08-25,2024,Q3,8,August,34,Sunday,Sun,FY2024,FQ1,Yes
20240826,2024-08-26,2024,Q3,8,August,35,Monday,Mon,FY2024,FQ1,No
20240827,2024-08-27,2024,Q3,8,August,35,Tuesday,Tue,FY2024,FQ1,No
20240828,2024-08-28,2024,Q3,8,August,35,Wednesday,Wed,FY2024,FQ1,No
20240829,2024-08-29,2024,Q3,8,August,35,Thursday,Thu,FY2024,FQ1,No
20240830,2024-08-30,2024,Q3,8,August,35,Friday,Fri,FY2024,FQ1,No
20240831,2024-08-31,2024,Q3,8,August,35,Saturday,Sat,FY2024,FQ1,Yes
20240901,2024-09-01,2024,Q3,9,September,35,Sunday,Sun,FY2024,FQ1,Yes
20240902,2024-09-02,2024,Q3,9,September,36,Monday,Mon,FY2024,FQ1,No
20240903,2024-09-03,2024,Q3,9,September,36,Tuesday,Tue,FY2024,FQ1,No
20240904,2024-09-04,2024,Q3,9,September,36,Wednesday,Wed,FY2024,FQ1,No
20240905,2024-09-05,2024,Q3,9,September,36,Thursday,Thu,FY2024,FQ1,No
20240906,2024-09-06,2024,Q3,9,September,36,Friday,Fri,FY2024,FQ1,No
20240907,2024-09-07,2024,Q3,9,September,36,Saturday,Sat,FY2024,FQ1,Yes
20240908,2024-09-08,2024,Q3,9,September,36,Sunday,Sun,FY2024,FQ1,Yes
20240909,2024-09-09,2024,Q3,9,September,37,Monday,Mon,FY2024,FQ1,No
20240910,2024-09-10,2024,Q3,9,September,37,Tuesday,Tue,FY2024,FQ1,No
20240911,2024-09-11,2024,Q3,9,September,37,Wednesday,Wed,FY2024,FQ1,No
20240912,2024-09-12,2024,Q3,9,September,37,Thursday,Thu,FY2024,FQ1,No
20240913,2024-09-13,2024,Q3,9,September,37,Friday,Fri,FY2024,FQ1,No
20240914,2024-09-14,2024,Q3,9,September,37,Saturday,Sat,FY2024,FQ1,Yes
20240915,2024-09-15,2024,Q3,9,September,37,Sunday,Sun,FY2024,FQ1,Yes
20240916,2024-09-16,2024,Q3,9,September,38,Monday,Mon,FY2024,FQ1,No
20240917,2024-09-17,2024,Q3,9,September,38,Tuesday,Tue,FY2024,FQ1,No
20240918,2024-09-18,2024,Q3,9,September,38,Wednesday,Wed,FY2024,FQ1,No
20240919,2024-09-19,2024,Q3,9,September,38,Thursday,Thu,FY2024,FQ1,No
20240920,2024-09-20,2024,Q3,9,September,38,Friday,Fri,FY2024,FQ1,No
20240921,2024-09-21,2024,Q3,9,September,38,Saturday,Sat,FY2024,FQ1,Yes
20240922,2024-09-22,2024,Q3,9,September,38,Sunday,Sun,FY2024,FQ1,Yes
20240923,2024-09-23,2024,Q3,9,September,39,Monday,Mon,FY2024,FQ1,No
20240924,2024-09-24,2024,Q3,9,September,39,Tuesday,Tue,FY2024,FQ1,No
20240925,2024-09-25,2024,Q3,9,September,39,Wednesday,Wed,FY2024,FQ1,No
20240926,2024-09-26,2024,Q3,9,September,39,Thursday,Thu,FY2024,FQ1,No
20240927,2024-09-27,2024,Q3,9,September,39,Friday,Fri,FY2024,FQ1,No
20240928,2024-09-28,2024,Q3,9,September,39,Saturday,Sat,FY2024,FQ1,Yes
20240929,2024-09-29,2024,Q3,9,September,39,Sunday,Sun,FY2024,FQ1,Yes
20240930,2024-09-30,2024,Q3,9,September,40,Monday,Mon,FY2024,FQ1,No
20241001,2024-10-01,2024,Q4,10,October,40,Tuesday,Tue,FY2024,FQ2,No
20241002,2024-10-02,2024,Q4,10,October,40,Wednesday,Wed,FY2024,FQ2,No
20241003,2024-10-03,2024,Q4,10,October,40,Thursday,Thu,FY2024,FQ2,No
20241004,2024-10-04,2024,Q4,10,October,40,Friday,Fri,FY2024,FQ2,No
20241005,2024-10-05,2024,Q4,10,October,40,Saturday,Sat,FY2024,FQ2,Yes
20241006,2024-10-06,2024,Q4,10,October,40,Sunday,Sun,FY2024,FQ2,Yes
20241007,2024-10-07,2024,Q4,10,October,41,Monday,Mon,FY2024,FQ2,No
20241008,2024-10-08,2024,Q4,10,October,41,Tuesday,Tue,FY2024,FQ2,No
20241009,2024-10-09,2024,Q4,10,October,41,Wednesday,Wed,FY2024,FQ2,No
20241010,2024-10-10,2024,Q4,10,October,41,Thursday,Thu,FY2024,FQ2,No
20241011,2024-10-11,2024,Q4,10,October,41,Friday,Fri,FY2024,FQ2,No
20241012,2024-10-12,2024,Q4,10,October,41,Saturday,Sat,FY2024,FQ2,Yes
20241013,2024-10-13,2024,Q4,10,October,41,Sunday,Sun,FY2024,FQ2,Yes
20241014,2024-10-14,2024,Q4,10,October,42,Monday,Mon,FY2024,FQ2,No
20241015,2024-10-15,2024,Q4,10,October,42,Tuesday,Tue,FY2024,FQ2,No
20241016,2024-10-16,2024,Q4,10,October,42,Wednesday,Wed,FY2024,FQ2,No
20241017,2024-10-17,2024,Q4,10,October,42,Thursday,Thu,FY2024,FQ2,No
20241018,2024-10-18,2024,Q4,10,October,42,Friday,Fri,FY2024,FQ2,No
20241019,2024-10-19,2024,Q4,10,October,42,Saturday,Sat,FY2024,FQ2,Yes
20241020,2024-10-20,2024,Q4,10,October,42,Sunday,Sun,FY2024,FQ2,Yes
20241021,2024-10-21,2024,Q4,10,October,43,Monday,Mon,FY2024,FQ2,No
20241022,2024-10-22,2024,Q4,10,October,43,Tuesday,Tue,FY2024,FQ2,No
20241023,2024-10-23,2024,Q4,10,October,43,Wednesday,Wed,FY2024,FQ2,No
20241024,2024-10-24,2024,Q4,10,October,43,Thursday,Thu,FY2024,FQ2,No
20241025,2024-10-25,2024,Q4,10,October,43,Friday,Fri,FY2024,FQ2,No
20241026,2024-10-26,2024,Q4,10,October,43,Saturday,Sat,FY2024,FQ2,Yes
20241027,2024-10-27,2024,Q4,10,October,43,Sunday,Sun,FY2024,FQ2,Yes
20241028,2024-10-28,2024,Q4,10,October,44,Monday,Mon,FY2024,FQ2,No
20241029,2024-10-29,2024,Q4,10,October,44,Tuesday,Tue,FY2024,FQ2,No
20241030,2024-10-30,2024,Q4,10,October,44,Wednesday,Wed,FY2024,FQ2,No
20241031,2024-10-31,2024,Q4,10,October,44,Thursday,Thu,FY2024,FQ2,No
20241101,2024-11-01,2024,Q4,11,November,44,Friday,Fri,FY2024,FQ2,No
20241102,2024-11-02,2024,Q4,11,November,44,Saturday,Sat,FY2024,FQ2,Yes
20241103,2024-11-03,2024,Q4,11,November,44,Sunday,Sun,FY2024,FQ2,Yes
20241104,2024-11-04,2024,Q4,11,November,45,Monday,Mon,FY2024,FQ2,No
20241105,2024-11-05,2024,Q4,11,November,45,Tuesday,Tue,FY2024,FQ2,No
20241106,2024-11-06,2024,Q4,11,November,45,Wednesday,Wed,FY2024,FQ2,No
20241107,2024-11-07,2024,Q4,11,November,45,Thursday,Thu,FY2024,FQ2,No
20241108,2024-11-08,2024,Q4,11,November,45,Friday,Fri,FY2024,FQ2,No
20241109,2024-11-09,2024,Q4,11,November,45,Saturday,Sat,FY2024,FQ2,Yes
20241110,2024-11-10,2024,Q4,11,November,45,Sunday,Sun,FY2024,FQ2,Yes
20241111,2024-11-11,2024,Q4,11,November,46,Monday,Mon,FY2024,FQ2,No
20241112,2024-11-12,2024,Q4,11,November,46,Tuesday,Tue,FY2024,FQ2,No
20241113,2024-11-13,2024,Q4,11,November,46,Wednesday,Wed,FY2024,FQ2,No
20241114,2024-11-14,2024,Q4,11,November,46,Thursday,Thu,FY2024,FQ2,No
20241115,2024-11-15,2024,Q4,11,November,46,Friday,Fri,FY2024,FQ2,No
20241116,2024-11-16,2024,Q4,11,November,46,Saturday,Sat,FY2024,FQ2,Yes
20241117,2024-11-17,2024,Q4,11,November,46,Sunday,Sun,FY2024,FQ2,Yes
20241118,2024-11-18,2024,Q4,11,November,47,Monday,Mon,FY2024,FQ2,No
20241119,2024-11-19,2024,Q4,11,November,47,Tuesday,Tue,FY2024,FQ2,No
20241120,2024-11-20,2024,Q4,11,November,47,Wednesday,Wed,FY2024,FQ2,No
20241121,2024-11-21,2024,Q4,11,November,47,Thursday,Thu,FY2024,FQ2,No
20241122,2024-11-22,2024,Q4,11,November,47,Friday,Fri,FY2024,FQ2,No
20241123,2024-11-23,2024,Q4,11,November,47,Saturday,Sat,FY2024,FQ2,Yes
20241124,2024-11-24,2024,Q4,11,November,47,Sunday,Sun,FY2024,FQ2,Yes
20241125,2024-11-25,2024,Q4,11,November,48,Monday,Mon,FY2024,FQ2,No
20241126,2024-11-26,2024,Q4,11,November,48,Tuesday,Tue,FY2024,FQ2,No
20241127,2024-11-27,2024,Q4,11,November,48,Wednesday,Wed,FY2024,FQ2,No
20241128,2024-11-28,2024,Q4,11,November,48,Thursday,Thu,FY2024,FQ2,No
20241129,2024-11-29,2024,Q4,11,November,48,Friday,Fri,FY2024,FQ2,No
20241130,2024-11-30,2024,Q4,11,November,48,Saturday,Sat,FY2024,FQ2,Yes
20241201,2024-12-01,2024,Q4,12,December,48,Sunday,Sun,FY2024,FQ2,Yes
20241202,2024-12-02,2024,Q4,12,December,49,Monday,Mon,FY2024,FQ2,No
20241203,2024-12-03,2024,Q4,12,December,49,Tuesday,Tue,FY2024,FQ2,No
20241204,2024-12-04,2024,Q4,12,December,49,Wednesday,Wed,FY2024,FQ2,No
20241205,2024-12-05,2024,Q4,12,December,49,Thursday,Thu,FY2024,FQ2,No
20241206,2024-12-06,2024,Q4,12,December,49,Friday,Fri,FY2024,FQ2,No
20241207,2024-12-07,2024,Q4,12,December,49,Saturday,Sat,FY2024,FQ2,Yes
20241208,2024-12-08,2024,Q4,12,December,49,Sunday,Sun,FY2024,FQ2,Yes
20241209,2024-12-09,2024,Q4,12,December,50,Monday,Mon,FY2024,FQ2,No
20241210,2024-12-10,2024,Q4,12,December,50,Tuesday,Tue,FY2024,FQ2,No
20241211,2024-12-11,2024,Q4,12,December,50,Wednesday,Wed,FY2024,FQ2,No
20241212,2024-12-12,2024,Q4,12,December,50,Thursday,Thu,FY2024,FQ2,No
20241213,2024-12-13,2024,Q4,12,December,50,Friday,Fri,FY2024,FQ2,No
20241214,2024-12-14,2024,Q4,12,December,50,Saturday,Sat,FY2024,FQ2,Yes
20241215,2024-12-15,2024,Q4,12,December,50,Sunday,Sun,FY2024,FQ2,Yes
20241216,2024-12-16,2024,Q4,12,December,51,Monday,Mon,FY2024,FQ2,No
20241217,2024-12-17,2024,Q4,12,December,51,Tuesday,Tue,FY2024,FQ2,No
20241218,2024-12-18,2024,Q4,12,December,51,Wednesday,Wed,FY2024,FQ2,No
20241219,2024-12-19,2024,Q4,12,December,51,Thursday,Thu,FY2024,FQ2,No
20241220,2024-12-20,2024,Q4,12,December,51,Friday,Fri,FY2024,FQ2,No
20241221,2024-12-21,2024,Q4,12,December,51,Saturday,Sat,FY2024,FQ2,Yes
20241222,2024-12-22,2024,Q4,12,December,51,Sunday,Sun,FY2024,FQ2,Yes
20241223,2024-12-23,2024,Q4,12,December,52,Monday,Mon,FY2024,FQ2,No
20241224,2024-12-24,2024,Q4,12,December,52,Tuesday,Tue,FY2024,FQ2,No
20241225,2024-12-25,2024,Q4,12,December,52,Wednesday,Wed,FY2024,FQ2,No
20241226,2024-12-26,2024,Q4,12,December,52,Thursday,Thu,FY2024,FQ2,No
20241227,2024-12-27,2024,Q4,12,December,52,Friday,Fri,FY2024,FQ2,No
20241228,2024-12-28,2024,Q4,12,December,52,Saturday,Sat,FY2024,FQ2,Yes
20241229,2024-12-29,2024,Q4,12,December,52,Sunday,Sun,FY2024,FQ2,Yes
20241230,2024-12-30,2024,Q4,12,December,1,Monday,Mon,FY2024,FQ2,No
20241231,2024-12-31,2024,Q4,12,December,1,Tuesday,Tue,FY2024,FQ2,No
20250101,2025-01-01,2025,Q1,1,January,1,Wednesday,Wed,FY2025,FQ3,No
20250102,2025-01-02,2025,Q1,1,January,1,Thursday,Thu,FY2025,FQ3,No
20250103,2025-01-03,2025,Q1,1,January,1,Friday,Fri,FY2025,FQ3,No
20250104,2025-01-04,2025,Q1,1,January,1,Saturday,Sat,FY2025,FQ3,Yes
20250105,2025-01-05,2025,Q1,1,January,1,Sunday,Sun,FY2025,FQ3,Yes
20250106,2025-01-06,2025,Q1,1,January,2,Monday,Mon,FY2025,FQ3,No
20250107,2025-01-07,2025,Q1,1,January,2,Tuesday,Tue,FY2025,FQ3,No
20250108,2025-01-08,2025,Q1,1,January,2,Wednesday,Wed,FY2025,FQ3,No
20250109,2025-01-09,2025,Q1,1,January,2,Thursday,Thu,FY2025,FQ3,No
20250110,2025-01-10,2025,Q1,1,January,2,Friday,Fri,FY2025,FQ3,No
20250111,2025-01-11,2025,Q1,1,January,2,Saturday,Sat,FY2025,FQ3,Yes
20250112,2025-01-12,2025,Q1,1,January,2,Sunday,Sun,FY2025,FQ3,Yes
20250113,2025-01-13,2025,Q1,1,January,3,Monday,Mon,FY2025,FQ3,No
20250114,2025-01-14,2025,Q1,1,January,3,Tuesday,Tue,FY2025,FQ3,No
20250115,2025-01-15,2025,Q1,1,January,3,Wednesday,Wed,FY2025,FQ3,No
20250116,2025-01-16,2025,Q1,1,January,3,Thursday,Thu,FY2025,FQ3,No
20250117,2025-01-17,2025,Q1,1,January,3,Friday,Fri,FY2025,FQ3,No
20250118,2025-01-18,2025,Q1,1,January,3,Saturday,Sat,FY2025,FQ3,Yes
20250119,2025-01-19,2025,Q1,1,January,3,Sunday,Sun,FY2025,FQ3,Yes
20250120,2025-01-20,2025,Q1,1,January,4,Monday,Mon,FY2025,FQ3,No
20250121,2025-01-21,2025,Q1,1,January,4,Tuesday,Tue,FY2025,FQ3,No
20250122,2025-01-22,2025,Q1,1,January,4,Wednesday,Wed,FY2025,FQ3,No
20250123,2025-01-23,2025,Q1,1,January,4,Thursday,Thu,FY2025,FQ3,No
20250124,2025-01-24,2025,Q1,1,January,4,Friday,Fri,FY2025,FQ3,No
20250125,2025-01-25,2025,Q1,1,January,4,Saturday,Sat,FY2025,FQ3,Yes
20250126,2025-01-26,2025,Q1,1,January,4,Sunday,Sun,FY2025,FQ3,Yes
20250127,2025-01-27,2025,Q1,1,January,5,Monday,Mon,FY2025,FQ3,No
20250128,2025-01-28,2025,Q1,1,January,5,Tuesday,Tue,FY2025,FQ3,No
20250129,2025-01-29,2025,Q1,1,January,5,Wednesday,Wed,FY2025,FQ3,No
20250130,2025-01-30,2025,Q1,1,January,5,Thursday,Thu,FY2025,FQ3,No
20250131,2025-01-31,2025,Q1,1,January,5,Friday,Fri,FY2025,FQ3,No
20250201,2025-02-01,2025,Q1,2,February,5,Saturday,Sat,FY2025,FQ3,Yes
20250202,2025-02-02,2025,Q1,2,February,5,Sunday,Sun,FY2025,FQ3,Yes
20250203,2025-02-03,2025,Q1,2,February,6,Monday,Mon,FY2025,FQ3,No
20250204,2025-02-04,2025,Q1,2,February,6,Tuesday,Tue,FY2025,FQ3,No
20250205,2025-02-05,2025,Q1,2,February,6,Wednesday,Wed,FY2025,FQ3,No
20250206,2025-02-06,2025,Q1,2,February,6,Thursday,Thu,FY2025,FQ3,No
20250207,2025-02-07,2025,Q1,2,February,6,Friday,Fri,FY2025,FQ3,No
20250208,2025-02-08,2025,Q1,2,February,6,Saturday,Sat,FY2025,FQ3,Yes
20250209,2025-02-09,2025,Q1,2,February,6,Sunday,Sun,FY2025,FQ3,Yes
20250210,2025-02-10,2025,Q1,2,February,7,Monday,Mon,FY2025,FQ3,No
20250211,2025-02-11,2025,Q1,2,February,7,Tuesday,Tue,FY2025,FQ3,No
20250212,2025-02-12,2025,Q1,2,February,7,Wednesday,Wed,FY2025,FQ3,No
20250213,2025-02-13,2025,Q1,2,February,7,Thursday,Thu,FY2025,FQ3,No
20250214,2025-02-14,2025,Q1,2,February,7,Friday,Fri,FY2025,FQ3,No
20250215,2025-02-15,2025,Q1,2,February,7,Saturday,Sat,FY2025,FQ3,Yes
20250216,2025-02-16,2025,Q1,2,February,7,Sunday,Sun,FY2025,FQ3,Yes
20250217,2025-02-17,2025,Q1,2,February,8,Monday,Mon,FY2025,FQ3,No
20250218,2025-02-18,2025,Q1,2,February,8,Tuesday,Tue,FY2025,FQ3,No
20250219,2025-02-19,2025,Q1,2,February,8,Wednesday,Wed,FY2025,FQ3,No
20250220,2025-02-20,2025,Q1,2,February,8,Thursday,Thu,FY2025,FQ3,No
20250221,2025-02-21,2025,Q1,2,February,8,Friday,Fri,FY2025,FQ3,No
20250222,2025-02-22,2025,Q1,2,February,8,Saturday,Sat,FY2025,FQ3,Yes
20250223,2025-02-23,2025,Q1,2,February,8,Sunday,Sun,FY2025,FQ3,Yes
20250224,2025-02-24,2025,Q1,2,February,9,Monday,Mon,FY2025,FQ3,No
20250225,2025-02-25,2025,Q1,2,February,9,Tuesday,Tue,FY2025,FQ3,No
20250226,2025-02-26,2025,Q1,2,February,9,Wednesday,Wed,FY2025,FQ3,No
20250227,2025-02-27,2025,Q1,2,February,9,Thursday,Thu,FY2025,FQ3,No
20250228,2025-02-28,2025,Q1,2,February,9,Friday,Fri,FY2025,FQ3,No
20250301,2025-03-01,2025,Q1,3,March,9,Saturday,Sat,FY2025,FQ3,Yes
20250302,2025-03-02,2025,Q1,3,March,9,Sunday,Sun,FY2025,FQ3,Yes
20250303,2025-03-03,2025,Q1,3,March,10,Monday,Mon,FY2025,FQ3,No
20250304,2025-03-04,2025,Q1,3,March,10,Tuesday,Tue,FY2025,FQ3,No
20250305,2025-03-05,2025,Q1,3,March,10,Wednesday,Wed,FY2025,FQ3,No
20250306,2025-03-06,2025,Q1,3,March,10,Thursday,Thu,FY2025,FQ3,No
20250307,2025-03-07,2025,Q1,3,March,10,Friday,Fri,FY2025,FQ3,No
20250308,2025-03-08,2025,Q1,3,March,10,Saturday,Sat,FY2025,FQ3,Yes
20250309,2025-03-09,2025,Q1,3,March,10,Sunday,Sun,FY2025,FQ3,Yes
20250310,2025-03-10,2025,Q1,3,March,11,Monday,Mon,FY2025,FQ3,No
20250311,2025-03-11,2025,Q1,3,March,11,Tuesday,Tue,FY2025,FQ3,No
20250312,2025-03-12,2025,Q1,3,March,11,Wednesday,Wed,FY2025,FQ3,No
20250313,2025-03-13,2025,Q1,3,March,11,Thursday,Thu,FY2025,FQ3,No
20250314,2025-03-14,2025,Q1,3,March,11,Friday,Fri,FY2025,FQ3,No
20250315,2025-03-15,2025,Q1,3,March,11,Saturday,Sat,FY2025,FQ3,Yes
20250316,2025-03-16,2025,Q1,3,March,11,Sunday,Sun,FY2025,FQ3,Yes
20250317,2025-03-17,2025,Q1,3,March,12,Monday,Mon,FY2025,FQ3,No
20250318,2025-03-18,2025,Q1,3,March,12,Tuesday,Tue,FY2025,FQ3,No
20250319,2025-03-19,2025,Q1,3,March,12,Wednesday,Wed,FY2025,FQ3,No
20250320,2025-03-20,2025,Q1,3,March,12,Thursday,Thu,FY2025,FQ3,No
20250321,2025-03-21,2025,Q1,3,March,12,Friday,Fri,FY2025,FQ3,No
20250322,2025-03-22,2025,Q1,3,March,12,Saturday,Sat,FY2025,FQ3,Yes
20250323,2025-03-23,2025,Q1,3,March,12,Sunday,Sun,FY2025,FQ3,Yes
20250324,2025-03-24,2025,Q1,3,March,13,Monday,Mon,FY2025,FQ3,No
20250325,2025-03-25,2025,Q1,3,March,13,Tuesday,Tue,FY2025,FQ3,No
20250326,2025-03-26,2025,Q1,3,March,13,Wednesday,Wed,FY2025,FQ3,No
20250327,2025-03-27,2025,Q1,3,March,13,Thursday,Thu,FY2025,FQ3,No
20250328,2025-03-28,2025,Q1,3,March,13,Friday,Fri,FY2025,FQ3,No
20250329,2025-03-29,2025,Q1,3,March,13,Saturday,Sat,FY2025,FQ3,Yes
20250330,2025-03-30,2025,Q1,3,March,13,Sunday,Sun,FY2025,FQ3,Yes
20250331,2025-03-31,2025,Q1,3,March,14,Monday,Mon,FY2025,FQ3,No
20250401,2025-04-01,2025,Q2,4,April,14,Tuesday,Tue,FY2025,FQ4,No
20250402,2025-04-02,2025,Q2,4,April,14,Wednesday,Wed,FY2025,FQ4,No
20250403,2025-04-03,2025,Q2,4,April,14,Thursday,Thu,FY2025,FQ4,No
20250404,2025-04-04,2025,Q2,4,April,14,Friday,Fri,FY2025,FQ4,No
20250405,2025-04-05,2025,Q2,4,April,14,Saturday,Sat,FY2025,FQ4,Yes
20250406,2025-04-06,2025,Q2,4,April,14,Sunday,Sun,FY2025,FQ4,Yes
20250407,2025-04-07,2025,Q2,4,April,15,Monday,Mon,FY2025,FQ4,No
20250408,2025-04-08,2025,Q2,4,April,15,Tuesday,Tue,FY2025,FQ4,No
20250409,2025-04-09,2025,Q2,4,April,15,Wednesday,Wed,FY2025,FQ4,No
20250410,2025-04-10,2025,Q2,4,April,15,Thursday,Thu,FY2025,FQ4,No
20250411,2025-04-11,2025,Q2,4,April,15,Friday,Fri,FY2025,FQ4,No
20250412,2025-04-12,2025,Q2,4,April,15,Saturday,Sat,FY2025,FQ4,Yes
20250413,2025-04-13,2025,Q2,4,April,15,Sunday,Sun,FY2025,FQ4,Yes
20250414,2025-04-14,2025,Q2,4,April,16,Monday,Mon,FY2025,FQ4,No
20250415,2025-04-15,2025,Q2,4,April,16,Tuesday,Tue,FY2025,FQ4,No
20250416,2025-04-16,2025,Q2,4,April,16,Wednesday,Wed,FY2025,FQ4,No
20250417,2025-04-17,2025,Q2,4,April,16,Thursday,Thu,FY2025,FQ4,No
20250418,2025-04-18,2025,Q2,4,April,16,Friday,Fri,FY2025,FQ4,No
20250419,2025-04-19,2025,Q2,4,April,16,Saturday,Sat,FY2025,FQ4,Yes
20250420,2025-04-20,2025,Q2,4,April,16,Sunday,Sun,FY2025,FQ4,Yes
20250421,2025-04-21,2025,Q2,4,April,17,Monday,Mon,FY2025,FQ4,No
20250422,2025-04-22,2025,Q2,4,April,17,Tuesday,Tue,FY2025,FQ4,No
20250423,2025-04-23,2025,Q2,4,April,17,Wednesday,Wed,FY2025,FQ4,No
20250424,2025-04-24,2025,Q2,4,April,17,Thursday,Thu,FY2025,FQ4,No
20250425,2025-04-25,2025,Q2,4,April,17,Friday,Fri,FY2025,FQ4,No
20250426,2025-04-26,2025,Q2,4,April,17,Saturday,Sat,FY2025,FQ4,Yes
20250427,2025-04-27,2025,Q2,4,April,17,Sunday,Sun,FY2025,FQ4,Yes
20250428,2025-04-28,2025,Q2,4,April,18,Monday,Mon,FY2025,FQ4,No
20250429,2025-04-29,2025,Q2,4,April,18,Tuesday,Tue,FY2025,FQ4,No
20250430,2025-04-30,2025,Q2,4,April,18,Wednesday,Wed,FY2025,FQ4,No
20250501,2025-05-01,2025,Q2,5,May,18,Thursday,Thu,FY2025,FQ4,No
20250502,2025-05-02,2025,Q2,5,May,18,Friday,Fri,FY2025,FQ4,No
20250503,2025-05-03,2025,Q2,5,May,18,Saturday,Sat,FY2025,FQ4,Yes
20250504,2025-05-04,2025,Q2,5,May,18,Sunday,Sun,FY2025,FQ4,Yes
20250505,2025-05-05,2025,Q2,5,May,19,Monday,Mon,FY2025,FQ4,No
20250506,2025-05-06,2025,Q2,5,May,19,Tuesday,Tue,FY2025,FQ4,No
20250507,2025-05-07,2025,Q2,5,May,19,Wednesday,Wed,FY2025,FQ4,No
20250508,2025-05-08,2025,Q2,5,May,19,Thursday,Thu,FY2025,FQ4,No
20250509,2025-05-09,2025,Q2,5,May,19,Friday,Fri,FY2025,FQ4,No
20250510,2025-05-10,2025,Q2,5,May,19,Saturday,Sat,FY2025,FQ4,Yes
20250511,2025-05-11,2025,Q2,5,May,19,Sunday,Sun,FY2025,FQ4,Yes
20250512,2025-05-12,2025,Q2,5,May,20,Monday,Mon,FY2025,FQ4,No
20250513,2025-05-13,2025,Q2,5,May,20,Tuesday,Tue,FY2025,FQ4,No
20250514,2025-05-14,2025,Q2,5,May,20,Wednesday,Wed,FY2025,FQ4,No
20250515,2025-05-15,2025,Q2,5,May,20,Thursday,Thu,FY2025,FQ4,No
20250516,2025-05-16,2025,Q2,5,May,20,Friday,Fri,FY2025,FQ4,No
20250517,2025-05-17,2025,Q2,5,May,20,Saturday,Sat,FY2025,FQ4,Yes
20250518,2025-05-18,2025,Q2,5,May,20,Sunday,Sun,FY2025,FQ4,Yes
20250519,2025-05-19,2025,Q2,5,May,21,Monday,Mon,FY2025,FQ4,No
20250520,2025-05-20,2025,Q2,5,May,21,Tuesday,Tue,FY2025,FQ4,No
20250521,2025-05-21,2025,Q2,5,May,21,Wednesday,Wed,FY2025,FQ4,No
20250522,2025-05-22,2025,Q2,5,May,21,Thursday,Thu,FY2025,FQ4,No
20250523,2025-05-23,2025,Q2,5,May,21,Friday,Fri,FY2025,FQ4,No
20250524,2025-05-24,2025,Q2,5,May,21,Saturday,Sat,FY2025,FQ4,Yes
20250525,2025-05-25,2025,Q2,5,May,21,Sunday,Sun,FY2025,FQ4,Yes
20250526,2025-05-26,2025,Q2,5,May,22,Monday,Mon,FY2025,FQ4,No
20250527,2025-05-27,2025,Q2,5,May,22,Tuesday,Tue,FY2025,FQ4,No
20250528,2025-05-28,2025,Q2,5,May,22,Wednesday,Wed,FY2025,FQ4,No
20250529,2025-05-29,2025,Q2,5,May,22,Thursday,Thu,FY2025,FQ4,No
20250530,2025-05-30,2025,Q2,5,May,22,Friday,Fri,FY2025,FQ4,No
20250531,2025-05-31,2025,Q2,5,May,22,Saturday,Sat,FY2025,FQ4,Yes
20250601,2025-06-01,2025,Q2,6,June,22,Sunday,Sun,FY2025,FQ4,Yes
20250602,2025-06-02,2025,Q2,6,June,23,Monday,Mon,FY2025,FQ4,No
20250603,2025-06-03,2025,Q2,6,June,23,Tuesday,Tue,FY2025,FQ4,No
20250604,2025-06-04,2025,Q2,6,June,23,Wednesday,Wed,FY2025,FQ4,No
20250605,2025-06-05,2025,Q2,6,June,23,Thursday,Thu,FY2025,FQ4,No
20250606,2025-06-06,2025,Q2,6,June,23,Friday,Fri,FY2025,FQ4,No
20250607,2025-06-07,2025,Q2,6,June,23,Saturday,Sat,FY2025,FQ4,Yes
20250608,2025-06-08,2025,Q2,6,June,23,Sunday,Sun,FY2025,FQ4,Yes
20250609,2025-06-09,2025,Q2,6,June,24,Monday,Mon,FY2025,FQ4,No
20250610,2025-06-10,2025,Q2,6,June,24,Tuesday,Tue,FY2025,FQ4,No
20250611,2025-06-11,2025,Q2,6,June,24,Wednesday,Wed,FY2025,FQ4,No
20250612,2025-06-12,2025,Q2,6,June,24,Thursday,Thu,FY2025,FQ4,No
20250613,2025-06-13,2025,Q2,6,June,24,Friday,Fri,FY2025,FQ4,No
20250614,2025-06-14,2025,Q2,6,June,24,Saturday,Sat,FY2025,FQ4,Yes
20250615,2025-06-15,2025,Q2,6,June,24,Sunday,Sun,FY2025,FQ4,Yes
20250616,2025-06-16,2025,Q2,6,June,25,Monday,Mon,FY2025,FQ4,No
20250617,2025-06-17,2025,Q2,6,June,25,Tuesday,Tue,FY2025,FQ4,No
20250618,2025-06-18,2025,Q2,6,June,25,Wednesday,Wed,FY2025,FQ4,No
20250619,2025-06-19,2025,Q2,6,June,25,Thursday,Thu,FY2025,FQ4,No
20250620,2025-06-20,2025,Q2,6,June,25,Friday,Fri,FY2025,FQ4,No
20250621,2025-06-21,2025,Q2,6,June,25,Saturday,Sat,FY2025,FQ4,Yes
20250622,2025-06-22,2025,Q2,6,June,25,Sunday,Sun,FY2025,FQ4,Yes
20250623,2025-06-23,2025,Q2,6,June,26,Monday,Mon,FY2025,FQ4,No
20250624,2025-06-24,2025,Q2,6,June,26,Tuesday,Tue,FY2025,FQ4,No
20250625,2025-06-25,2025,Q2,6,June,26,Wednesday,Wed,FY2025,FQ4,No
20250626,2025-06-26,2025,Q2,6,June,26,Thursday,Thu,FY2025,FQ4,No
20250627,2025-06-27,2025,Q2,6,June,26,Friday,Fri,FY2025,FQ4,No
20250628,2025-06-28,2025,Q2,6,June,26,Saturday,Sat,FY2025,FQ4,Yes
20250629,2025-06-29,2025,Q2,6,June,26,Sunday,Sun,FY2025,FQ4,Yes
20250630,2025-06-30,2025,Q2,6,June,27,Monday,Mon,FY2025,FQ4,No
20250701,2025-07-01,2025,Q3,7,July,27,Tuesday,Tue,FY2025,FQ1,No
20250702,2025-07-02,2025,Q3,7,July,27,Wednesday,Wed,FY2025,FQ1,No
20250703,2025-07-03,2025,Q3,7,July,27,Thursday,Thu,FY2025,FQ1,No
20250704,2025-07-04,2025,Q3,7,July,27,Friday,Fri,FY2025,FQ1,No
20250705,2025-07-05,2025,Q3,7,July,27,Saturday,Sat,FY2025,FQ1,Yes
20250706,2025-07-06,2025,Q3,7,July,27,Sunday,Sun,FY2025,FQ1,Yes
20250707,2025-07-07,2025,Q3,7,July,28,Monday,Mon,FY2025,FQ1,No
20250708,2025-07-08,2025,Q3,7,July,28,Tuesday,Tue,FY2025,FQ1,No
20250709,2025-07-09,2025,Q3,7,July,28,Wednesday,Wed,FY2025,FQ1,No
20250710,2025-07-10,2025,Q3,7,July,28,Thursday,Thu,FY2025,FQ1,No
20250711,2025-07-11,2025,Q3,7,July,28,Friday,Fri,FY2025,FQ1,No
20250712,2025-07-12,2025,Q3,7,July,28,Saturday,Sat,FY2025,FQ1,Yes
20250713,2025-07-13,2025,Q3,7,July,28,Sunday,Sun,FY2025,FQ1,Yes
20250714,2025-07-14,2025,Q3,7,July,29,Monday,Mon,FY2025,FQ1,No
20250715,2025-07-15,2025,Q3,7,July,29,Tuesday,Tue,FY2025,FQ1,No
20250716,2025-07-16,2025,Q3,7,July,29,Wednesday,Wed,FY2025,FQ1,No
20250717,2025-07-17,2025,Q3,7,July,29,Thursday,Thu,FY2025,FQ1,No
20250718,2025-07-18,2025,Q3,7,July,29,Friday,Fri,FY2025,FQ1,No
20250719,2025-07-19,2025,Q3,7,July,29,Saturday,Sat,FY2025,FQ1,Yes
20250720,2025-07-20,2025,Q3,7,July,29,Sunday,Sun,FY2025,FQ1,Yes
20250721,2025-07-21,2025,Q3,7,July,30,Monday,Mon,FY2025,FQ1,No
20250722,2025-07-22,2025,Q3,7,July,30,Tuesday,Tue,FY2025,FQ1,No
20250723,2025-07-23,2025,Q3,7,July,30,Wednesday,Wed,FY2025,FQ1,No
20250724,2025-07-24,2025,Q3,7,July,30,Thursday,Thu,FY2025,FQ1,No
20250725,2025-07-25,2025,Q3,7,July,30,Friday,Fri,FY2025,FQ1,No
20250726,2025-07-26,2025,Q3,7,July,30,Saturday,Sat,FY2025,FQ1,Yes
20250727,2025-07-27,2025,Q3,7,July,30,Sunday,Sun,FY2025,FQ1,Yes
20250728,2025-07-28,2025,Q3,7,July,31,Monday,Mon,FY2025,FQ1,No
20250729,2025-07-29,2025,Q3,7,July,31,Tuesday,Tue,FY2025,FQ1,No
20250730,2025-07-30,2025,Q3,7,July,31,Wednesday,Wed,FY2025,FQ1,No
20250731,2025-07-31,2025,Q3,7,July,31,Thursday,Thu,FY2025,FQ1,No
20250801,2025-08-01,2025,Q3,8,August,31,Friday,Fri,FY2025,FQ1,No
20250802,2025-08-02,2025,Q3,8,August,31,Saturday,Sat,FY2025,FQ1,Yes
20250803,2025-08-03,2025,Q3,8,August,31,Sunday,Sun,FY2025,FQ1,Yes
20250804,2025-08-04,2025,Q3,8,August,32,Monday,Mon,FY2025,FQ1,No
20250805,2025-08-05,2025,Q3,8,August,32,Tuesday,Tue,FY2025,FQ1,No
20250806,2025-08-06,2025,Q3,8,August,32,Wednesday,Wed,FY2025,FQ1,No
20250807,2025-08-07,2025,Q3,8,August,32,Thursday,Thu,FY2025,FQ1,No
20250808,2025-08-08,2025,Q3,8,August,32,Friday,Fri,FY2025,FQ1,No
20250809,2025-08-09,2025,Q3,8,August,32,Saturday,Sat,FY2025,FQ1,Yes
20250810,2025-08-10,2025,Q3,8,August,32,Sunday,Sun,FY2025,FQ1,Yes
20250811,2025-08-11,2025,Q3,8,August,33,Monday,Mon,FY2025,FQ1,No
20250812,2025-08-12,2025,Q3,8,August,33,Tuesday,Tue,FY2025,FQ1,No
20250813,2025-08-13,2025,Q3,8,August,33,Wednesday,Wed,FY2025,FQ1,No
20250814,2025-08-14,2025,Q3,8,August,33,Thursday,Thu,FY2025,FQ1,No
20250815,2025-08-15,2025,Q3,8,August,33,Friday,Fri,FY2025,FQ1,No
20250816,2025-08-16,2025,Q3,8,August,33,Saturday,Sat,FY2025,FQ1,Yes
20250817,2025-08-17,2025,Q3,8,August,33,Sunday,Sun,FY2025,FQ1,Yes
20250818,2025-08-18,2025,Q3,8,August,34,Monday,Mon,FY2025,FQ1,No
20250819,2025-08-19,2025,Q3,8,August,34,Tuesday,Tue,FY2025,FQ1,No
20250820,2025-08-20,2025,Q3,8,August,34,Wednesday,Wed,FY2025,FQ1,No
20250821,2025-08-21,2025,Q3,8,August,34,Thursday,Thu,FY2025,FQ1,No
20250822,2025-08-22,2025,Q3,8,August,34,Friday,Fri,FY2025,FQ1,No
20250823,2025-08-23,2025,Q3,8,August,34,Saturday,Sat,FY2025,FQ1,Yes
20250824,2025-08-24,2025,Q3,8,August,34,Sunday,Sun,FY2025,FQ1,Yes
20250825,2025-08-25,2025,Q3,8,August,35,Monday,Mon,FY2025,FQ1,No
20250826,2025-08-26,2025,Q3,8,August,35,Tuesday,Tue,FY2025,FQ1,No
20250827,2025-08-27,2025,Q3,8,August,35,Wednesday,Wed,FY2025,FQ1,No
20250828,2025-08-28,2025,Q3,8,August,35,Thursday,Thu,FY2025,FQ1,No
20250829,2025-08-29,2025,Q3,8,August,35,Friday,Fri,FY2025,FQ1,No
20250830,2025-08-30,2025,Q3,8,August,35,Saturday,Sat,FY2025,FQ1,Yes
20250831,2025-08-31,2025,Q3,8,August,35,Sunday,Sun,FY2025,FQ1,Yes
20250901,2025-09-01,2025,Q3,9,September,36,Monday,Mon,FY2025,FQ1,No
20250902,2025-09-02,2025,Q3,9,September,36,Tuesday,Tue,FY2025,FQ1,No
20250903,2025-09-03,2025,Q3,9,September,36,Wednesday,Wed,FY2025,FQ1,No
20250904,2025-09-04,2025,Q3,9,September,36,Thursday,Thu,FY2025,FQ1,No
20250905,2025-09-05,2025,Q3,9,September,36,Friday,Fri,FY2025,FQ1,No
20250906,2025-09-06,2025,Q3,9,September,36,Saturday,Sat,FY2025,FQ1,Yes
20250907,2025-09-07,2025,Q3,9,September,36,Sunday,Sun,FY2025,FQ1,Yes
20250908,2025-09-08,2025,Q3,9,September,37,Monday,Mon,FY2025,FQ1,No
20250909,2025-09-09,2025,Q3,9,September,37,Tuesday,Tue,FY2025,FQ1,No
20250910,2025-09-10,2025,Q3,9,September,37,Wednesday,Wed,FY2025,FQ1,No
20250911,2025-09-11,2025,Q3,9,September,37,Thursday,Thu,FY2025,FQ1,No
20250912,2025-09-12,2025,Q3,9,September,37,Friday,Fri,FY2025,FQ1,No
20250913,2025-09-13,2025,Q3,9,September,37,Saturday,Sat,FY2025,FQ1,Yes
20250914,2025-09-14,2025,Q3,9,September,37,Sunday,Sun,FY2025,FQ1,Yes
20250915,2025-09-15,2025,Q3,9,September,38,Monday,Mon,FY2025,FQ1,No
20250916,2025-09-16,2025,Q3,9,September,38,Tuesday,Tue,FY2025,FQ1,No
20250917,2025-09-17,2025,Q3,9,September,38,Wednesday,Wed,FY2025,FQ1,No
20250918,2025-09-18,2025,Q3,9,September,38,Thursday,Thu,FY2025,FQ1,No
20250919,2025-09-19,2025,Q3,9,September,38,Friday,Fri,FY2025,FQ1,No
20250920,2025-09-20,2025,Q3,9,September,38,Saturday,Sat,FY2025,FQ1,Yes
20250921,2025-09-21,2025,Q3,9,September,38,Sunday,Sun,FY2025,FQ1,Yes
20250922,2025-09-22,2025,Q3,9,September,39,Monday,Mon,FY2025,FQ1,No
20250923,2025-09-23,2025,Q3,9,September,39,Tuesday,Tue,FY2025,FQ1,No
20250924,2025-09-24,2025,Q3,9,September,39,Wednesday,Wed,FY2025,FQ1,No
20250925,2025-09-25,2025,Q3,9,September,39,Thursday,Thu,FY2025,FQ1,No
20250926,2025-09-26,2025,Q3,9,September,39,Friday,Fri,FY2025,FQ1,No
20250927,2025-09-27,2025,Q3,9,September,39,Saturday,Sat,FY2025,FQ1,Yes
20250928,2025-09-28,2025,Q3,9,September,39,Sunday,Sun,FY2025,FQ1,Yes
20250929,2025-09-29,2025,Q3,9,September,40,Monday,Mon,FY2025,FQ1,No
20250930,2025-09-30,2025,Q3,9,September,40,Tuesday,Tue,FY2025,FQ1,No
20251001,2025-10-01,2025,Q4,10,October,40,Wednesday,Wed,FY2025,FQ2,No
20251002,2025-10-02,2025,Q4,10,October,40,Thursday,Thu,FY2025,FQ2,No
20251003,2025-10-03,2025,Q4,10,October,40,Friday,Fri,FY2025,FQ2,No
20251004,2025-10-04,2025,Q4,10,October,40,Saturday,Sat,FY2025,FQ2,Yes
20251005,2025-10-05,2025,Q4,10,October,40,Sunday,Sun,FY2025,FQ2,Yes
20251006,2025-10-06,2025,Q4,10,October,41,Monday,Mon,FY2025,FQ2,No
20251007,2025-10-07,2025,Q4,10,October,41,Tuesday,Tue,FY2025,FQ2,No
20251008,2025-10-08,2025,Q4,10,October,41,Wednesday,Wed,FY2025,FQ2,No
20251009,2025-10-09,2025,Q4,10,October,41,Thursday,Thu,FY2025,FQ2,No
20251010,2025-10-10,2025,Q4,10,October,41,Friday,Fri,FY2025,FQ2,No
20251011,2025-10-11,2025,Q4,10,October,41,Saturday,Sat,FY2025,FQ2,Yes
20251012,2025-10-12,2025,Q4,10,October,41,Sunday,Sun,FY2025,FQ2,Yes
20251013,2025-10-13,2025,Q4,10,October,42,Monday,Mon,FY2025,FQ2,No
20251014,2025-10-14,2025,Q4,10,October,42,Tuesday,Tue,FY2025,FQ2,No
20251015,2025-10-15,2025,Q4,10,October,42,Wednesday,Wed,FY2025,FQ2,No
20251016,2025-10-16,2025,Q4,10,October,42,Thursday,Thu,FY2025,FQ2,No
20251017,2025-10-17,2025,Q4,10,October,42,Friday,Fri,FY2025,FQ2,No
20251018,2025-10-18,2025,Q4,10,October,42,Saturday,Sat,FY2025,FQ2,Yes
20251019,2025-10-19,2025,Q4,10,October,42,Sunday,Sun,FY2025,FQ2,Yes
20251020,2025-10-20,2025,Q4,10,October,43,Monday,Mon,FY2025,FQ2,No
20251021,2025-10-21,2025,Q4,10,October,43,Tuesday,Tue,FY2025,FQ2,No
20251022,2025-10-22,2025,Q4,10,October,43,Wednesday,Wed,FY2025,FQ2,No
20251023,2025-10-23,2025,Q4,10,October,43,Thursday,Thu,FY2025,FQ2,No
20251024,2025-10-24,2025,Q4,10,October,43,Friday,Fri,FY2025,FQ2,No
20251025,2025-10-25,2025,Q4,10,October,43,Saturday,Sat,FY2025,FQ2,Yes
20251026,2025-10-26,2025,Q4,10,October,43,Sunday,Sun,FY2025,FQ2,Yes
20251027,2025-10-27,2025,Q4,10,October,44,Monday,Mon,FY2025,FQ2,No
20251028,2025-10-28,2025,Q4,10,October,44,Tuesday,Tue,FY2025,FQ2,No
20251029,2025-10-29,2025,Q4,10,October,44,Wednesday,Wed,FY2025,FQ2,No
20251030,2025-10-30,2025,Q4,10,October,44,Thursday,Thu,FY2025,FQ2,No
20251031,2025-10-31,2025,Q4,10,October,44,Friday,Fri,FY2025,FQ2,No
20251101,2025-11-01,2025,Q4,11,November,44,Saturday,Sat,FY2025,FQ2,Yes
20251102,2025-11-02,2025,Q4,11,November,44,Sunday,Sun,FY2025,FQ2,Yes
20251103,2025-11-03,2025,Q4,11,November,45,Monday,Mon,FY2025,FQ2,No
20251104,2025-11-04,2025,Q4,11,November,45,Tuesday,Tue,FY2025,FQ2,No
20251105,2025-11-05,2025,Q4,11,November,45,Wednesday,Wed,FY2025,FQ2,No
20251106,2025-11-06,2025,Q4,11,November,45,Thursday,Thu,FY2025,FQ2,No
20251107,2025-11-07,2025,Q4,11,November,45,Friday,Fri,FY2025,FQ2,No
20251108,2025-11-08,2025,Q4,11,November,45,Saturday,Sat,FY2025,FQ2,Yes
20251109,2025-11-09,2025,Q4,11,November,45,Sunday,Sun,FY2025,FQ2,Yes
20251110,2025-11-10,2025,Q4,11,November,46,Monday,Mon,FY2025,FQ2,No
20251111,2025-11-11,2025,Q4,11,November,46,Tuesday,Tue,FY2025,FQ2,No
20251112,2025-11-12,2025,Q4,11,November,46,Wednesday,Wed,FY2025,FQ2,No
20251113,2025-11-13,2025,Q4,11,November,46,Thursday,Thu,FY2025,FQ2,No
20251114,2025-11-14,2025,Q4,11,November,46,Friday,Fri,FY2025,FQ2,No
20251115,2025-11-15,2025,Q4,11,November,46,Saturday,Sat,FY2025,FQ2,Yes
20251116,2025-11-16,2025,Q4,11,November,46,Sunday,Sun,FY2025,FQ2,Yes
20251117,2025-11-17,2025,Q4,11,November,47,Monday,Mon,FY2025,FQ2,No
20251118,2025-11-18,2025,Q4,11,November,47,Tuesday,Tue,FY2025,FQ2,No
20251119,2025-11-19,2025,Q4,11,November,47,Wednesday,Wed,FY2025,FQ2,No
20251120,2025-11-20,2025,Q4,11,November,47,Thursday,Thu,FY2025,FQ2,No
20251121,2025-11-21,2025,Q4,11,November,47,Friday,Fri,FY2025,FQ2,No
20251122,2025-11-22,2025,Q4,11,November,47,Saturday,Sat,FY2025,FQ2,Yes
20251123,2025-11-23,2025,Q4,11,November,47,Sunday,Sun,FY2025,FQ2,Yes
20251124,2025-11-24,2025,Q4,11,November,48,Monday,Mon,FY2025,FQ2,No
20251125,2025-11-25,2025,Q4,11,November,48,Tuesday,Tue,FY2025,FQ2,No
20251126,2025-11-26,2025,Q4,11,November,48,Wednesday,Wed,FY2025,FQ2,No
20251127,2025-11-27,2025,Q4,11,November,48,Thursday,Thu,FY2025,FQ2,No
20251128,2025-11-28,2025,Q4,11,November,48,Friday,Fri,FY2025,FQ2,No
20251129,2025-11-29,2025,Q4,11,November,48,Saturday,Sat,FY2025,FQ2,Yes
20251130,2025-11-30,2025,Q4,11,November,48,Sunday,Sun,FY2025,FQ2,Yes
20251201,2025-12-01,2025,Q4,12,December,49,Monday,Mon,FY2025,FQ2,No
20251202,2025-12-02,2025,Q4,12,December,49,Tuesday,Tue,FY2025,FQ2,No
20251203,2025-12-03,2025,Q4,12,December,49,Wednesday,Wed,FY2025,FQ2,No
20251204,2025-12-04,2025,Q4,12,December,49,Thursday,Thu,FY2025,FQ2,No
20251205,2025-12-05,2025,Q4,12,December,49,Friday,Fri,FY2025,FQ2,No
20251206,2025-12-06,2025,Q4,12,December,49,Saturday,Sat,FY2025,FQ2,Yes
20251207,2025-12-07,2025,Q4,12,December,49,Sunday,Sun,FY2025,FQ2,Yes
20251208,2025-12-08,2025,Q4,12,December,50,Monday,Mon,FY2025,FQ2,No
20251209,2025-12-09,2025,Q4,12,December,50,Tuesday,Tue,FY2025,FQ2,No
20251210,2025-12-10,2025,Q4,12,December,50,Wednesday,Wed,FY2025,FQ2,No
20251211,2025-12-11,2025,Q4,12,December,50,Thursday,Thu,FY2025,FQ2,No
20251212,2025-12-12,2025,Q4,12,December,50,Friday,Fri,FY2025,FQ2,No
20251213,2025-12-13,2025,Q4,12,December,50,Saturday,Sat,FY2025,FQ2,Yes
20251214,2025-12-14,2025,Q4,12,December,50,Sunday,Sun,FY2025,FQ2,Yes
20251215,2025-12-15,2025,Q4,12,December,51,Monday,Mon,FY2025,FQ2,No
20251216,2025-12-16,2025,Q4,12,December,51,Tuesday,Tue,FY2025,FQ2,No
20251217,2025-12-17,2025,Q4,12,December,51,Wednesday,Wed,FY2025,FQ2,No
20251218,2025-12-18,2025,Q4,12,December,51,Thursday,Thu,FY2025,FQ2,No
20251219,2025-12-19,2025,Q4,12,December,51,Friday,Fri,FY2025,FQ2,No
20251220,2025-12-20,2025,Q4,12,December,51,Saturday,Sat,FY2025,FQ2,Yes
20251221,2025-12-21,2025,Q4,12,December,51,Sunday,Sun,FY2025,FQ2,Yes
20251222,2025-12-22,2025,Q4,12,December,52,Monday,Mon,FY2025,FQ2,No
20251223,2025-12-23,2025,Q4,12,December,52,Tuesday,Tue,FY2025,FQ2,No
20251224,2025-12-24,2025,Q4,12,December,52,Wednesday,Wed,FY2025,FQ2,No
20251225,2025-12-25,2025,Q4,12,December,52,Thursday,Thu,FY2025,FQ2,No
20251226,2025-12-26,2025,Q4,12,December,52,Friday,Fri,FY2025,FQ2,No
20251227,2025-12-27,2025,Q4,12,December,52,Saturday,Sat,FY2025,FQ2,Yes
20251228,2025-12-28,2025,Q4,12,December,52,Sunday,Sun,FY2025,FQ2,Yes
20251229,2025-12-29,2025,Q4,12,December,1,Monday,Mon,FY2025,FQ2,No
20251230,2025-12-30,2025,Q4,12,December,1,Tuesday,Tue,FY2025,FQ2,No
20251231,2025-12-31,2025,Q4,12,December,1,Wednesday,Wed,FY2025,FQ2,No
